stem,method,niqe ↓,brisque ↓,ocr_conf_sum ↓,remove_score ↑,conclusion,conlcusion (visual)
sc_33_1,raw,5.618999874352224,6.60174560546875,0.9190023836163784,0.7491569519042969,,
sc_33_1,telea,10.058758906372532,2.47967529296875,0.1310478369130613,0.7247234582901001,,
sc_33_1,navier_stokes,7.943413914882652,7.37518310546875,0.0,0.7299824953079224,,
sc_33_1,lama_manual_mask,4.559648280368823,6.15447998046875,2.8491770991786063,0.7500453591346741,✔️,
sc_33_1,lama_dilated,5.601601878194177,-3.45001220703125,0.5124596808674481,0.7464850544929504,,
sc_33_1,lama_auto,6.221239131552641,-5.00762939453125,0.0,0.7649405002593994,✔️,✔️
sc_33_11,raw,8.976470709068145,11.88153076171875,0.0,0.5913712978363037,✔️,
sc_33_11,telea,8.982224848562437,14.42156982421875,0.0,0.7827229499816895,,
sc_33_11,navier_stokes,9.497698657387083,15.92694091796875,0.0,0.8561714887619019,,
sc_33_11,lama_manual_mask,10.5924612704773,21.04315185546875,0.0,0.8839444518089294,,
sc_33_11,lama_dilated,10.535143246711147,19.82098388671875,0.0,0.8878481388092041,✔️,
sc_33_11,lama_auto,9.445837742300098,21.18035888671875,0.0,0.8727004528045654,✔️,
sc_33_12,raw,6.764217739521914,10.63592529296875,0.5114037814080525,0.3456044197082519,✔️,
sc_33_12,telea,8.76598415957296,10.37420654296875,0.0,0.5996220111846924,,
sc_33_12,navier_stokes,9.390773544717256,10.17889404296875,0.0,0.7266010046005249,✔️,
sc_33_12,lama_manual_mask,8.204052881500932,13.55975341796875,0.0,0.8978267908096313,,
sc_33_12,lama_dilated,8.399760718961485,16.01043701171875,0.0,0.9031728506088256,✔️,
sc_33_12,lama_auto,9.557043729752133,15.97967529296875,0.0,0.9026190042495728,✔️,
sc_33_13,raw,7.559097614374637,50.22869873046875,0.0,0.5129478573799133,✔️,
sc_33_13,telea,7.824312380012298,49.89471435546875,0.0,0.6487515568733215,,
sc_33_13,navier_stokes,7.909533399141706,52.09393310546875,0.0,0.7070903182029724,✔️,
sc_33_13,lama_manual_mask,7.828203491208407,50.81658935546875,0.0,0.6348023414611816,,
sc_33_13,lama_dilated,7.7465204760819635,46.72381591796875,0.0,0.6921894550323486,,✔️
sc_33_13,lama_auto,7.743290040515194,46.60858154296875,0.0,0.696274995803833,✔️,✔️
sc_33_14,raw,7.099815521300461,28.40057373046875,0.0,0.6541529893875122,,
sc_33_14,telea,6.44591810969321,23.08612060546875,0.0,0.8032366037368774,,
sc_33_14,navier_stokes,6.387873555160703,25.58416748046875,0.0,0.8412411212921143,,
sc_33_14,lama_manual_mask,5.948280130043589,23.42889404296875,0.0,0.8405213356018066,,
sc_33_14,lama_dilated,5.089528295366484,22.83807373046875,0.0,0.860466480255127,✔️,
sc_33_14,lama_auto,5.712285762091392,24.11932373046875,0.0,0.8470386266708374,✔️,
sc_33_15,raw,7.278370964645744,19.29217529296875,0.9559501402155096,0.5731780529022217,,
sc_33_15,telea,6.765705285385005,19.10858154296875,0.0,0.6066622138023376,,
sc_33_15,navier_stokes,6.81163370136496,23.56951904296875,0.0,0.6226915121078491,,
sc_33_15,lama_manual_mask,5.882840357847054,19.86346435546875,0.0,0.6978963613510132,✔️,
sc_33_15,lama_dilated,6.164004003912559,13.93182373046875,0.0,0.6702331304550171,,✔️
sc_33_15,lama_auto,6.163968029997483,10.13299560546875,0.0,0.6944082975387573,✔️,✔️
sc_33_16,raw,16.060703950419768,8.25994873046875,1.9599416583304388,0.2879299521446228,✔️,
sc_33_16,telea,13.254933884529043,18.03240966796875,0.0,0.8158755302429199,,
sc_33_16,navier_stokes,12.852826704652427,17.41229248046875,0.0,0.8550444841384888,✔️,
sc_33_16,lama_manual_mask,14.605173968440637,13.62713623046875,0.0,0.6220953464508057,,
sc_33_16,lama_dilated,15.26145875575751,11.50701904296875,0.0,0.9027645587921144,✔️,✔️
sc_33_16,lama_auto,14.76126495753216,10.98846435546875,0.0,0.902502715587616,✔️,✔️
sc_33_17,raw,14.58618863532426,39.28240966796875,1.4413605781397074,0.2673714458942413,,
sc_33_17,telea,12.941067570017026,32.48846435546875,0.0,0.858734130859375,,
sc_33_17,navier_stokes,12.504236411908089,36.50604248046875,0.0,0.8526277542114258,,
sc_33_17,lama_manual_mask,12.107284514756648,28.32928466796875,0.0,0.6895434856414795,,
sc_33_17,lama_dilated,11.720919154190328,24.30096435546875,0.0,0.8526915311813354,✔️,✔️
sc_33_17,lama_auto,12.734578107798312,27.97283935546875,0.0,0.868057131767273,✔️,✔️
sc_33_18,raw,9.317748638781744,16.12420654296875,1.513633990560792,0.4243722558021545,,
sc_33_18,telea,11.318211690841023,12.85369873046875,0.0,0.863371729850769,,
sc_33_18,navier_stokes,11.209302766759086,16.02557373046875,0.0,0.8344482183456421,,
sc_33_18,lama_manual_mask,8.44320815637888,9.05194091796875,0.0,0.7118499279022217,✔️,
sc_33_18,lama_dilated,9.441469782876004,8.27459716796875,0.0,0.9028505086898804,✔️,✔️
sc_33_18,lama_auto,9.057775099826117,7.53143310546875,0.0,0.7741450071334839,✔️,✔️
sc_33_19,raw,10.026128212805874,9.67010498046875,1.9792404634355407,0.5740692615509033,,
sc_33_19,telea,10.298106976279614,11.44061279296875,0.0,0.7921338081359863,,
sc_33_19,navier_stokes,9.899636177125654,12.36834716796875,0.0,0.7823977470397949,,
sc_33_19,lama_manual_mask,9.48889583646698,12.68475341796875,0.0,0.641215443611145,,
sc_33_19,lama_dilated,9.420684784078036,8.56170654296875,0.0,0.8143699169158936,✔️,✔️
sc_33_19,lama_auto,9.677536285553856,-1.63653564453125,0.0,0.8215272426605225,✔️,✔️
sc_33_20,raw,13.318426832064851,28.68377685546875,0.3209623464107407,0.5231578350067139,,
sc_33_20,telea,12.580939693804774,24.07928466796875,0.0,0.8914698362350464,✔️,
sc_33_20,navier_stokes,12.457080897800331,29.43768310546875,0.0,0.8892245292663574,,
sc_33_20,lama_manual_mask,12.008132891237963,11.12811279296875,0.0,0.7470577359199524,✔️,
sc_33_20,lama_dilated,12.507178070579064,13.62713623046875,0.0,0.7413043975830078,,✔️
sc_33_20,lama_auto,12.054930719390963,21.41033935546875,0.0,0.7566569447517395,✔️,✔️
sc_33_21,raw,8.480680832107536,24.78631591796875,1.0160243458035207,0.8446265459060669,,
sc_33_21,telea,7.931797595243688,25.74041748046875,0.0,0.8543286323547363,,
sc_33_21,navier_stokes,8.216625203741474,22.38592529296875,0.0,0.8746947646141052,,
sc_33_21,lama_manual_mask,8.123274933881854,23.89764404296875,0.0,0.8755248188972473,,
sc_33_21,lama_dilated,8.785057932303712,21.48553466796875,0.0,0.8800257444381714,✔️,✔️
sc_33_21,lama_auto,7.617011895981199,22.76483154296875,0.0,0.8649101257324219,✔️,
sc_33_22,raw,9.855483256713995,62.50018310546875,0.0,0.8244243860244751,,
sc_33_22,telea,11.157803975897377,53.85272216796875,0.0,0.8440026044845581,✔️,
sc_33_22,navier_stokes,10.091830825594554,55.52069091796875,0.0,0.840931236743927,,
sc_33_22,lama_manual_mask,9.10398238677678,54.04803466796875,0.0,0.7890511155128479,✔️,
sc_33_22,lama_dilated,10.73824064371991,54.98065185546875,0.0,0.7652796506881714,,✔️
sc_33_22,lama_auto,9.737298517017084,56.47186279296875,0.0,0.7761259078979492,✔️,
sc_33_23,raw,8.485456680431112,16.93084716796875,0.1055530969326079,0.6664068698883057,✔️,
sc_33_23,telea,8.512564485736931,24.28826904296875,0.0,0.8689252138137817,,
sc_33_23,navier_stokes,9.018303683134596,26.54217529296875,0.0,0.8758519887924194,,
sc_33_23,lama_manual_mask,10.042077020153478,17.03729248046875,0.0,0.7324508428573608,,
sc_33_23,lama_dilated,7.967724011506416,27.51385498046875,0.0,0.8976790904998779,✔️,✔️
sc_33_23,lama_auto,7.773153602236,27.79412841796875,0.0,0.8756144046783447,✔️,✔️
sc_33_24,raw,12.091889050424488,41.75213623046875,0.9206509458167303,0.7579104900360107,,
sc_33_24,telea,14.375242581570443,28.55682373046875,0.0,0.8351867198944092,✔️,
sc_33_24,navier_stokes,12.10238051313519,39.15643310546875,0.0,0.8531571626663208,,
sc_33_24,lama_manual_mask,10.722556671874385,32.10369873046875,0.0,0.8309422135353088,,
sc_33_24,lama_dilated,9.640021014472778,35.86248779296875,0.0,0.898145318031311,✔️,✔️
sc_33_24,lama_auto,9.555325159253178,30.86834716796875,0.0,0.8617023229598999,✔️,
sc_33_25,raw,7.286593447441668,29.82830810546875,0.817940982214669,0.6995935440063477,,
sc_33_25,telea,6.071260797676094,29.17303466796875,0.0,0.7498220801353455,,
sc_33_25,navier_stokes,5.992091641053261,30.70135498046875,0.0,0.7881048321723938,,
sc_33_25,lama_manual_mask,5.784940230931361,27.01385498046875,0.0,0.7065643072128296,✔️,
sc_33_25,lama_dilated,4.717034110506472,30.50897216796875,0.0,0.8189009428024292,,✔️
sc_33_25,lama_auto,4.484769751809912,29.43084716796875,0.0,0.8400000929832458,✔️,✔️
sc_33_26,raw,11.85680476585748,20.81463623046875,0.6042001867952087,0.764967679977417,,
sc_33_26,telea,8.986198491932532,21.93768310546875,0.0,0.805504322052002,✔️,
sc_33_26,navier_stokes,9.58325924765137,17.19842529296875,0.0,0.8849061727523804,✔️,
sc_33_26,lama_manual_mask,10.856904087277368,20.55194091796875,0.0,0.8795055747032166,,
sc_33_26,lama_dilated,10.873539447104667,20.25701904296875,0.0,0.902073323726654,✔️,✔️
sc_33_26,lama_auto,11.497019495878844,21.47381591796875,0.0,0.8778955936431885,✔️,
sc_33_27,raw,10.78643826745173,57.25506591796875,0.0,0.8632233142852783,,
sc_33_27,telea,9.951443905744789,54.72869873046875,0.0,0.8850795030593872,,
sc_33_27,navier_stokes,9.599736437390556,54.98553466796875,0.0,0.9131335616111756,✔️,
sc_33_27,lama_manual_mask,10.226492336597424,53.66131591796875,0.0,0.8924398422241211,,
sc_33_27,lama_dilated,9.859743843155943,52.75701904296875,0.0,0.8892659544944763,✔️,✔️
sc_33_27,lama_auto,9.461349459776276,52.89764404296875,0.0,0.8924267292022705,✔️,
sc_33_28,raw,7.53374385396536,25.11346435546875,0.9710894362408596,0.5030878782272339,,
sc_33_28,telea,8.551045933709519,26.39471435546875,0.0,0.89400315284729,,
sc_33_28,navier_stokes,6.297172227492225,33.45819091796875,0.0,0.8999303579330444,✔️,
sc_33_28,lama_manual_mask,4.617841810292874,25.11248779296875,0.113709038014019,0.7133519649505615,✔️,
sc_33_28,lama_dilated,7.029671696690215,34.13983154296875,0.0,0.8871651887893677,,✔️
sc_33_28,lama_auto,5.306827511405063,37.78826904296875,0.0,0.8494932651519775,✔️,✔️
sc_33_29,raw,11.410400555295022,47.02069091796875,0.8174942492418651,0.7732648849487305,,
sc_33_29,telea,12.152194785896254,41.45037841796875,0.0,0.8584905862808228,,
sc_33_29,navier_stokes,10.434270679985223,48.69744873046875,0.0,0.8950250148773193,✔️,
sc_33_29,lama_manual_mask,10.264555864976645,43.52655029296875,0.0,0.8744598031044006,,
sc_33_29,lama_dilated,8.550523242057945,31.95428466796875,0.0,0.8713244199752808,✔️,✔️
sc_33_29,lama_auto,9.12817871250318,30.63690185546875,0.0,0.8742669820785522,✔️,
sc_33_30,raw,6.864001436629392,29.20819091796875,2.219038031997779,0.6372337341308594,,
sc_33_30,telea,4.695292872278206,22.18768310546875,0.0,0.9055582284927368,✔️,
sc_33_30,navier_stokes,4.576938791210749,24.18670654296875,0.0,0.91660875082016,✔️,
sc_33_30,lama_manual_mask,4.812171494902344,23.31170654296875,0.0,0.788122296333313,,
sc_33_30,lama_dilated,4.893611053234794,23.52069091796875,0.0,0.8910759687423706,,✔️
sc_33_30,lama_auto,4.967888065549982,22.64080810546875,0.0,0.915105938911438,✔️,✔️
sc_33_31,raw,8.867908285280137,21.85565185546875,0.9516260753531957,0.7876741886138916,,
sc_33_31,telea,7.825819843108187,16.69061279296875,0.0,0.8218601942062378,,
sc_33_31,navier_stokes,7.54578792967084,14.12420654296875,0.0,0.9021894931793212,✔️,
sc_33_31,lama_manual_mask,7.443286574679909,17.94158935546875,0.0,0.9123631715774536,✔️,
sc_33_31,lama_dilated,9.294186891463136,19.25018310546875,0.0,0.9208887219429016,✔️,✔️
sc_33_31,lama_auto,8.467131772670689,21.92303466796875,0.0,0.9097898006439208,✔️,
sc_33_32,raw,8.894692271840798,56.45330810546875,0.0,0.7545269131660461,,
sc_33_32,telea,8.292358930965147,55.55975341796875,0.0,0.7767010927200317,,
sc_33_32,navier_stokes,8.354649134364175,55.86639404296875,0.0,0.793464183807373,,
sc_33_32,lama_manual_mask,8.183676184240785,53.24334716796875,0.0,0.7845814228057861,,
sc_33_32,lama_dilated,8.059841272136477,51.45916748046875,0.0,0.8182251453399658,✔️,✔️
sc_33_32,lama_auto,8.430985431090557,52.08319091796875,0.0,0.7818171381950378,✔️,
sc_33_33,raw,5.239397383899996,10.53338623046875,0.2624143589621848,0.7330968379974365,✔️,
sc_33_33,telea,6.442766068318817,16.68670654296875,0.0,0.8414140343666077,,
sc_33_33,navier_stokes,6.006033917600045,17.88104248046875,0.0,0.8491978645324707,✔️,
sc_33_33,lama_manual_mask,6.334267258283512,20.72186279296875,0.0,0.792402446269989,,
sc_33_33,lama_dilated,4.969818469983483,16.33514404296875,0.0,0.8047853112220764,✔️,✔️
sc_33_33,lama_auto,5.828729989477062,21.79119873046875,0.0,0.8018451929092407,✔️,
sc_33_34,raw,12.378759582184298,25.14764404296875,0.5184316006798949,0.8810147047042847,,
sc_33_34,telea,10.650597086149125,9.88885498046875,0.0,0.8655908107757568,,
sc_33_34,navier_stokes,10.52461331252742,17.83807373046875,0.0,0.8886165618896484,✔️,
sc_33_34,lama_manual_mask,10.859012397359512,7.38885498046875,0.0,0.8521507382392883,✔️,
sc_33_34,lama_dilated,12.603490751260471,18.47186279296875,0.0,0.9094815254211426,✔️,✔️
sc_33_34,lama_auto,11.591916883950503,20.05291748046875,0.0,0.9026601910591124,✔️,
sc_33_35,raw,5.564938814863333,12.52947998046875,1.4482205891507487,0.7084622383117676,✔️,
sc_33_35,telea,6.065049230920161,16.68084716796875,0.0,0.7589386701583862,,
sc_33_35,navier_stokes,5.760144675318466,17.19354248046875,0.0,0.7346368432044983,,
sc_33_35,lama_manual_mask,5.120109509571562,16.20721435546875,0.0,0.7278506755828857,✔️,
sc_33_35,lama_dilated,6.242990569540337,16.87322998046875,0.0,0.7981470823287964,✔️,✔️
sc_33_35,lama_auto,6.324093624959399,19.26873779296875,0.0,0.7817865014076233,✔️,✔️
sc_33_36,raw,11.631110848321278,19.80780029296875,1.3006378894613426,0.7907394170761108,,
sc_33_36,telea,9.79137245493132,10.97381591796875,0.0,0.7522304654121399,✔️,
sc_33_36,navier_stokes,10.144568350434788,9.84637451171875,0.0,0.8737287521362305,✔️,
sc_33_36,lama_manual_mask,11.639833112416738,18.56854248046875,0.0,0.915749967098236,✔️,
sc_33_36,lama_dilated,13.266602751806673,19.78826904296875,0.0,0.897727370262146,,✔️
sc_33_36,lama_auto,11.717322222900297,17.79412841796875,0.0,0.8955779075622559,✔️,✔️
sc_33_37,raw,8.686415614048625,57.01287841796875,0.0,0.8436579704284668,,
sc_33_37,telea,8.43196077535749,50.27850341796875,0.0,0.8541725873947144,,
sc_33_37,navier_stokes,8.094932701408652,50.67694091796875,0.0,0.859606146812439,✔️,
sc_33_37,lama_manual_mask,8.48937645711237,49.98455810546875,0.0,0.7969048023223877,,
sc_33_37,lama_dilated,7.953026207934106,49.25897216796875,0.0,0.8338923454284668,✔️,✔️
sc_33_37,lama_auto,9.23806289917992,48.61737060546875,0.0,0.835941731929779,✔️,✔️
sc_33_38,raw,5.242473699742741,14.52264404296875,1.1250427212513614,0.6357433795928955,✔️,
sc_33_38,telea,7.114808843619422,20.82537841796875,0.0,0.8144875764846802,✔️,
sc_33_38,navier_stokes,6.230756840787666,22.67205810546875,0.0,0.8095495104789734,,
sc_33_38,lama_manual_mask,6.174340321342755,17.87908935546875,0.0,0.7973162531852722,,
sc_33_38,lama_dilated,7.141980379497971,28.51873779296875,0.0,0.802833080291748,,✔️
sc_33_38,lama_auto,7.0181148710658805,29.28826904296875,0.0,0.8053313493728638,✔️,✔️
sc_33_39,raw,9.85606645280509,24.40350341796875,0.6388281105473461,0.7501236200332642,,
sc_33_39,telea,12.17944456554076,5.73260498046875,0.0,0.7162151336669922,✔️,
sc_33_39,navier_stokes,10.321839379082837,13.70623779296875,0.0,0.7510422468185425,,
sc_33_39,lama_manual_mask,9.297778576129552,10.83221435546875,0.0,0.8346377611160278,✔️,
sc_33_39,lama_dilated,11.823529264044703,12.96697998046875,0.0,0.8774081468582153,✔️,✔️
sc_33_39,lama_auto,9.411572782753662,15.69354248046875,0.0,0.8755278587341309,✔️,
sc_33_40,raw,5.049649347065741,17.82928466796875,1.981215580005985,0.6693013906478882,✔️,
sc_33_40,telea,5.453400789332602,26.71209716796875,0.0,0.7217333316802979,,
sc_33_40,navier_stokes,5.074680467581673,27.50115966796875,0.0,0.7642472982406616,,
sc_33_40,lama_manual_mask,4.625920381013809,27.15057373046875,0.0,0.7707123756408691,✔️,
sc_33_40,lama_dilated,5.686947834168723,27.16619873046875,0.0,0.8109918832778931,,✔️
sc_33_40,lama_auto,6.0486582434612615,24.80194091796875,0.0,0.8186715245246887,✔️,✔️
sc_h_1,raw,5.873386404583525,37.79315185546875,2.24868129361486,0.5969935655593872,,
sc_h_1,telea,7.909847176823771,37.54412841796875,0.0,0.6354237794876099,,
sc_h_1,navier_stokes,7.487186034158837,42.96697998046875,0.0,0.5998282432556152,,
sc_h_1,lama_manual_mask,5.588333487579119,32.11541748046875,0.0,0.6195537447929382,✔️,
sc_h_1,lama_dilated,6.174716543773633,34.10955810546875,0.0,0.6495378017425537,✔️,✔️
sc_h_1,lama_auto,5.593461068324131,33.45037841796875,0.0610532423478322,0.6055703163146973,,
sc_h_10,raw,6.050036134654135,33.79315185546875,2.5479475135247407,0.6241214275360107,,
sc_h_10,telea,5.184236597440356,25.94158935546875,0.0,0.8099501132965088,,
sc_h_10,navier_stokes,4.846947701685881,27.42303466796875,0.0,0.7065145969390869,✔️,
sc_h_10,lama_manual_mask,5.005777528398032,31.89764404296875,0.0,0.6867812275886536,,
sc_h_10,lama_dilated,5.876340954359558,30.63494873046875,0.0,0.8208074569702148,,✔️
sc_h_10,lama_auto,5.450328825843332,25.75506591796875,0.0,0.8729414939880371,✔️,✔️
sc_h_11,raw,12.228836293213549,37.95819091796875,2.753530682311524,0.3247021436691284,,
sc_h_11,telea,10.609083776295613,14.05194091796875,0.0,0.4480110108852386,,
sc_h_11,navier_stokes,8.495440450981663,18.07635498046875,0.0,0.4131531715393066,✔️,
sc_h_11,lama_manual_mask,10.285454159885989,24.49920654296875,0.2452489566279807,0.5052816867828369,,
sc_h_11,lama_dilated,12.723076899961796,11.69549560546875,0.0,0.8783664703369141,,✔️
sc_h_11,lama_auto,10.53381965853742,7.02459716796875,0.0,0.9298768043518066,✔️,✔️
sc_h_12,raw,9.194102985350424,44.24139404296875,2.0084668683890325,0.7439020872116089,,
sc_h_12,telea,9.432134343305703,35.40838623046875,0.0,0.7452409267425537,✔️,
sc_h_12,navier_stokes,9.036859708284652,38.27947998046875,0.0,0.7339967489242554,✔️,
sc_h_12,lama_manual_mask,9.217272964064346,39.82049560546875,0.0,0.6815624237060547,,
sc_h_12,lama_dilated,9.117418643709994,32.95330810546875,0.0,0.713992714881897,✔️,✔️
sc_h_12,lama_auto,9.367590008893275,37.49530029296875,0.0,0.6836352348327637,✔️,✔️
sc_h_13,raw,12.445995813499549,45.73553466796875,1.176303100826892,0.2753584682941437,,
sc_h_13,telea,8.33820643146974,28.96209716796875,0.0,0.5827001929283142,,
sc_h_13,navier_stokes,7.024116174011638,33.19451904296875,0.0,0.511289656162262,,
sc_h_13,lama_manual_mask,8.442442419536835,31.21990966796875,0.2301501337286592,0.4253557920455932,,
sc_h_13,lama_dilated,7.8232622120234145,19.43963623046875,0.0,0.8691180348396301,✔️,✔️
sc_h_13,lama_auto,6.98862523341433,22.25897216796875,0.0,0.7671971321105957,✔️,✔️
sc_h_14,raw,10.599150711084825,35.25994873046875,2.101869662618983,0.6794352531433105,✔️,
sc_h_14,telea,9.89660260681555,51.96014404296875,0.0,0.6056345701217651,,
sc_h_14,navier_stokes,9.62312291868118,44.16229248046875,0.0,0.7165737152099609,,
sc_h_14,lama_manual_mask,8.861371106768964,37.97967529296875,0.0,0.7682080268859863,,
sc_h_14,lama_dilated,8.198344839733917,38.72088623046875,0.0,0.8951361179351807,✔️,✔️
sc_h_14,lama_auto,8.77088194701101,38.26385498046875,0.0,0.8931292295455933,✔️,✔️
sc_h_15,raw,12.824170885241696,27.71990966796875,1.9168854211470203,0.2640987038612366,,
sc_h_15,telea,12.37536785697973,19.37615966796875,0.0,0.5027076005935669,,
sc_h_15,navier_stokes,10.794038640674648,24.80780029296875,0.0,0.5112618207931519,,
sc_h_15,lama_manual_mask,10.900940148781835,25.72967529296875,0.3131546286008595,0.3038078248500824,,
sc_h_15,lama_dilated,10.85425132238413,22.80487060546875,0.0,0.9459558725357056,✔️,✔️
sc_h_15,lama_auto,8.941966714943078,18.11248779296875,0.0,0.8939528465270996,✔️,✔️
sc_h_16,raw,8.595971280989183,55.77850341796875,0.5404344476082373,0.543309211730957,,
sc_h_16,telea,8.628262616041699,44.29803466796875,0.0,0.5938835144042969,,
sc_h_16,navier_stokes,7.228698701184607,46.19647216796875,0.0,0.6045553684234619,,
sc_h_16,lama_manual_mask,6.920983802759101,48.37518310546875,0.0,0.6696779131889343,✔️,
sc_h_16,lama_dilated,7.631513516897686,44.90350341796875,0.0,0.6903222799301147,,✔️
sc_h_16,lama_auto,7.372674321278707,36.59295654296875,0.0,0.7239700555801392,✔️,✔️
sc_h_17,raw,15.12696059945883,42.68084716796875,2.921231101468044,0.4035828411579132,,
sc_h_17,telea,10.91236003711378,33.99920654296875,0.0,0.7609347105026245,,
sc_h_17,navier_stokes,8.186753570085004,36.55975341796875,0.0,0.7265644073486328,,
sc_h_17,lama_manual_mask,9.856637257892038,27.32830810546875,0.4658096730709076,0.4464999437332153,,
sc_h_17,lama_dilated,8.23518669315131,25.58026123046875,0.0,0.9332414865493774,✔️,✔️
sc_h_17,lama_auto,7.083417912297346,24.68377685546875,0.0,0.9026538133621216,✔️,✔️
sc_h_18,raw,12.697424311221893,36.95233154296875,2.095278934448364,0.1858760714530944,,
sc_h_18,telea,7.973285306903851,17.52557373046875,0.0,0.7162054777145386,,
sc_h_18,navier_stokes,6.469313135444408,24.08416748046875,0.0,0.7085181474685669,✔️,
sc_h_18,lama_manual_mask,8.661347288225942,23.25115966796875,0.4961972342271218,0.5811545848846436,,
sc_h_18,lama_dilated,7.981196194209436,14.91522216796875,0.0,0.9051548838615416,✔️,✔️
sc_h_18,lama_auto,7.76274101089447,19.09100341796875,0.0,0.8858410120010376,✔️,✔️
sc_h_19,raw,10.704530407248251,42.00213623046875,1.1726903539135107,0.7517867088317871,,
sc_h_19,telea,8.424610137509584,40.79022216796875,0.0,0.8406287431716919,,
sc_h_19,navier_stokes,8.590394025016076,43.17987060546875,0.0,0.8428099751472473,,
sc_h_19,lama_manual_mask,7.186783218928062,34.40936279296875,0.0,0.8612150549888611,✔️,
sc_h_19,lama_dilated,8.406524570077067,40.21990966796875,0.0,0.885143518447876,✔️,✔️
sc_h_19,lama_auto,9.1657417706088,40.95623779296875,0.6565936323980983,0.790969729423523,,
sc_h_20,raw,8.096012029146479,38.94354248046875,2.800036792151224,0.8330284357070923,,
sc_h_20,telea,9.410053638888744,50.89471435546875,0.0,0.8167545795440674,,
sc_h_20,navier_stokes,8.650121593401273,44.62225341796875,0.0,0.8841062188148499,,
sc_h_20,lama_manual_mask,7.786390735173616,39.20233154296875,0.0,0.8897609114646912,,
sc_h_20,lama_dilated,7.376657692794536,36.72674560546875,0.0,0.8966464996337891,✔️,✔️
sc_h_20,lama_auto,7.026239712483834,35.81072998046875,0.0,0.8948827981948853,✔️,
sc_h_21,raw,7.664753051369903,24.86346435546875,1.6708106613383222,0.4120074510574341,,
sc_h_21,telea,6.19926499231404,22.89471435546875,0.0,0.6677188873291016,,
sc_h_21,navier_stokes,5.162216507620573,23.09100341796875,0.0,0.7434567213058472,✔️,
sc_h_21,lama_manual_mask,5.3599538966073546,21.11053466796875,0.0,0.8073041439056396,,
sc_h_21,lama_dilated,5.85566628758544,20.57830810546875,0.0,0.8861873149871826,,✔️
sc_h_21,lama_auto,6.026719961349558,19.51678466796875,0.0,0.8892072439193726,✔️,✔️
sc_h_22,raw,11.197142264286985,20.90838623046875,1.144969787393245,0.8833779096603394,,
sc_h_22,telea,8.206250641627458,28.59393310546875,0.0,0.8183876872062683,✔️,
sc_h_22,navier_stokes,9.39288850549621,21.31658935546875,0.0,0.847977340221405,,
sc_h_22,lama_manual_mask,10.83892079059886,21.12469482421875,0.0,0.886931300163269,✔️,
sc_h_22,lama_dilated,10.686061523052755,20.30145263671875,0.0,0.8848581314086914,,✔️
sc_h_22,lama_auto,10.414589298195752,18.21942138671875,0.0,0.8810773491859436,✔️,✔️
sc_h_23,raw,12.546432827166802,54.79901123046875,1.0905255760413113,0.7025107145309448,,
sc_h_23,telea,11.14321193700018,40.34100341796875,0.0,0.7929815053939819,✔️,
sc_h_23,navier_stokes,8.580844984020057,43.53045654296875,0.0,0.7862426042556763,,
sc_h_23,lama_manual_mask,8.831105733229354,46.91815185546875,0.0,0.7218019962310791,,
sc_h_23,lama_dilated,9.0324493571336,41.98651123046875,0.0,0.8494340181350708,✔️,✔️
sc_h_23,lama_auto,8.388296296448345,41.39569091796875,0.0,0.8312779664993286,✔️,✔️
sc_h_24,raw,8.016340423853068,26.26190185546875,2.1779078215517407,0.7423869371414185,,
sc_h_24,telea,7.254236357802427,30.59197998046875,0.0,0.7914296388626099,,
sc_h_24,navier_stokes,7.3431493025185395,27.73651123046875,0.0,0.8446916341781616,,
sc_h_24,lama_manual_mask,6.907728020788885,26.31463623046875,0.0,0.9090551137924194,✔️,
sc_h_24,lama_dilated,8.480106894664486,21.24237060546875,0.0,0.9316664338111876,✔️,✔️
sc_h_24,lama_auto,7.531172241811446,23.75506591796875,0.0,0.9304929971694946,✔️,✔️
sc_h_25,raw,6.675865856736243,35.59393310546875,0.0,0.6414799690246582,,
sc_h_25,telea,7.736150866885247,35.64178466796875,0.0,0.6900870203971863,,
sc_h_25,navier_stokes,5.5007623600831455,31.70330810546875,0.0,0.7115851640701294,,
sc_h_25,lama_manual_mask,4.79848602620857,27.11444091796875,0.0,0.7436606884002686,,
sc_h_25,lama_dilated,5.172490704404951,29.91326904296875,0.0,0.831750750541687,,✔️
sc_h_25,lama_auto,4.545730397356573,24.70135498046875,0.0,0.834971010684967,✔️,✔️
sc_h_26,raw,10.75346260295714,26.72674560546875,0.1084655076265335,0.6254417896270752,✔️,
sc_h_26,telea,9.634830649658818,37.53240966796875,0.0,0.8540902137756348,,
sc_h_26,navier_stokes,10.051969430729343,36.28240966796875,0.0,0.8969923257827759,✔️,
sc_h_26,lama_manual_mask,9.104476925250692,30.89959716796875,0.0,0.8016003370285034,✔️,
sc_h_26,lama_dilated,11.58300107132179,32.11346435546875,0.0,0.8696197867393494,,✔️
sc_h_26,lama_auto,10.617699777438991,27.98846435546875,0.0,0.8496443629264832,✔️,✔️
sc_h_27,raw,8.974065994701794,25.38299560546875,0.4295630764615132,0.5615277290344238,,
sc_h_27,telea,6.61633946083251,27.54608154296875,0.0,0.9076147079467772,,
sc_h_27,navier_stokes,6.787351329480346,32.06463623046875,0.0,0.9011787176132202,,
sc_h_27,lama_manual_mask,5.770161865941934,25.67108154296875,0.0,0.8182251453399658,✔️,
sc_h_27,lama_dilated,5.969812154092548,29.40936279296875,0.0,0.9117612242698668,✔️,✔️
sc_h_27,lama_auto,5.9206420863144205,24.59197998046875,0.0,0.8921489715576172,✔️,✔️
sc_h_28,raw,11.997247817927224,44.96990966796875,1.5039422002767502,0.5685209035873413,,
sc_h_28,telea,13.094592152348476,20.56951904296875,0.0,0.8015627861022949,✔️,
sc_h_28,navier_stokes,11.512074439608268,25.29412841796875,0.0,0.8381569385528564,,
sc_h_28,lama_manual_mask,8.837278850652016,26.52655029296875,0.0,0.7710416316986084,✔️,
sc_h_28,lama_dilated,10.448045873234989,25.67889404296875,0.0,0.8689901828765869,✔️,
sc_h_28,lama_auto,9.431430393725943,23.38983154296875,0.0,0.8418599963188171,✔️,✔️
sc_h_29,raw,10.985615569285724,42.42596435546875,0.5024041993779816,0.606489360332489,,
sc_h_29,telea,10.72917130543534,28.95037841796875,0.0,0.659549355506897,,
sc_h_29,navier_stokes,9.157807777773806,29.62127685546875,0.0,0.682171106338501,,
sc_h_29,lama_manual_mask,7.1699615472334335,17.31951904296875,0.9182377883309116,0.6962660551071167,✔️,
sc_h_29,lama_dilated,8.224863508195694,27.18475341796875,0.0,0.7370208501815796,,✔️
sc_h_29,lama_auto,7.672748640437668,26.53826904296875,0.0,0.7470581531524658,✔️,✔️
sc_h_3,raw,5.794449241167647,32.77655029296875,0.6500357466755572,0.3833062648773193,,
sc_h_3,telea,5.99739818348312,22.43963623046875,0.0,0.4219442009925842,✔️,
sc_h_3,navier_stokes,4.412190262099644,22.82244873046875,0.0,0.3777064979076385,,
sc_h_3,lama_manual_mask,4.14848096213932,25.26873779296875,0.0,0.4439818263053894,✔️,
sc_h_3,lama_dilated,4.824181544607837,24.90155029296875,0.0,0.4238166511058807,,✔️
sc_h_3,lama_auto,4.550905816180611,24.52069091796875,0.0,0.4763129949569702,✔️,✔️
sc_h_30,raw,10.102857622144851,21.99920654296875,0.2349741512912089,0.7743744850158691,✔️,
sc_h_30,telea,7.877393652253972,35.45721435546875,0.0,0.8211699724197388,,
sc_h_30,navier_stokes,7.860334351820791,31.61346435546875,0.0,0.8664591908454895,,
sc_h_30,lama_manual_mask,7.699634044033281,27.73455810546875,0.0,0.8717701435089111,,
sc_h_30,lama_dilated,7.484852470475939,30.85467529296875,0.0,0.8986454010009766,✔️,✔️
sc_h_30,lama_auto,8.38483076173791,28.16326904296875,0.8077289330035551,0.8662201166152954,,
sc_h_31,raw,13.300390676952144,40.17889404296875,1.1201249881175863,0.6795804500579834,,
sc_h_31,telea,12.628957616798957,38.61932373046875,0.0,0.8938844799995422,,
sc_h_31,navier_stokes,11.121870569658276,37.71502685546875,0.0,0.9046175479888916,,
sc_h_31,lama_manual_mask,11.204381260829468,16.96697998046875,0.0,0.757082462310791,✔️,
sc_h_31,lama_dilated,9.832868642768313,39.16619873046875,0.0,0.9274543523788452,✔️,✔️
sc_h_31,lama_auto,9.555848611307598,25.70330810546875,0.0,0.914620280265808,✔️,✔️
sc_h_32,raw,7.610607664354587,25.44158935546875,0.605164453967524,0.6570315361022949,,
sc_h_32,telea,7.28021077030799,17.92596435546875,0.0,0.9087168574333192,✔️,
sc_h_32,navier_stokes,6.737390785596663,19.10174560546875,0.0,0.90235435962677,,
sc_h_32,lama_manual_mask,6.365668438739387,18.62615966796875,0.0,0.8580517768859863,,
sc_h_32,lama_dilated,7.105394158001443,20.41424560546875,0.0,0.8975232839584351,,✔️
sc_h_32,lama_auto,5.904197045351651,19.88787841796875,0.0,0.8859483599662781,✔️,✔️
sc_h_33,raw,12.7390839666087,47.54705810546875,1.1679842513281051,0.731833815574646,,
sc_h_33,telea,13.472590872384536,38.52850341796875,0.0,0.8593443632125854,,
sc_h_33,navier_stokes,12.214626239698152,40.45330810546875,0.0,0.8763363361358643,,
sc_h_33,lama_manual_mask,10.940740815120307,39.62322998046875,0.0,0.7801395654678345,,
sc_h_33,lama_dilated,9.051531977416808,30.20135498046875,0.0,0.903067111968994,✔️,✔️
sc_h_33,lama_auto,9.312376219639496,30.23651123046875,0.0,0.8840137720108032,✔️,✔️
sc_h_34,raw,12.321755137057384,41.43963623046875,0.7776264720387619,0.6033758521080017,,
sc_h_34,telea,12.522814185192988,27.70526123046875,0.0,0.692074179649353,,
sc_h_34,navier_stokes,10.64516536589178,30.82537841796875,0.0,0.750576376914978,,
sc_h_34,lama_manual_mask,10.30053499886702,18.79022216796875,0.0,0.7031577229499817,✔️,
sc_h_34,lama_dilated,8.874902156080612,28.89178466796875,0.0,0.8724673986434937,✔️,✔️
sc_h_34,lama_auto,8.16106214977644,30.28533935546875,0.0,0.8600509166717529,✔️,✔️
sc_h_35,raw,5.6390229998040775,16.14666748046875,1.267990642799735,0.6149028539657593,✔️,
sc_h_35,telea,6.582924515627468,13.85760498046875,0.0,0.8037878274917603,,
sc_h_35,navier_stokes,5.732840214427518,13.45916748046875,0.0,0.7896654605865479,,
sc_h_35,lama_manual_mask,6.02248780316457,13.55877685546875,0.0,0.8636130094528198,,
sc_h_35,lama_dilated,6.5441154768761525,15.14666748046875,0.0,0.9072545766830444,✔️,✔️
sc_h_35,lama_auto,6.09764957634232,13.10858154296875,0.0,0.900901198387146,✔️,
sc_h_36,raw,5.504767034995489,22.64178466796875,0.0,0.6246775984764099,✔️,
sc_h_36,telea,6.486077307970319,23.75018310546875,0.0,0.7097655534744263,,
sc_h_36,navier_stokes,5.610234464972501,21.65155029296875,0.0,0.8077477812767029,,
sc_h_36,lama_manual_mask,6.055780263671348,17.28045654296875,0.0,0.8413653373718262,,
sc_h_36,lama_dilated,5.747054337622182,16.93572998046875,0.0,0.8588511347770691,✔️,✔️
sc_h_36,lama_auto,6.071028632010841,12.47088623046875,0.0,0.8572481870651245,✔️,✔️
sc_h_37,raw,4.673155471012938,16.88201904296875,0.0,0.4282605946063995,✔️,
sc_h_37,telea,5.062055833812112,15.15740966796875,0.0,0.8209152221679688,,
sc_h_37,navier_stokes,4.983133911511454,16.44940185546875,0.0,0.8115546703338623,,
sc_h_37,lama_manual_mask,4.755179256253584,13.49920654296875,0.0,0.7278656959533691,,
sc_h_37,lama_dilated,4.857600133629534,11.08026123046875,0.0,0.9001785516738892,✔️,✔️
sc_h_37,lama_auto,5.102923361652468,19.03826904296875,0.0,0.8985126614570618,✔️,✔️
sc_h_38,raw,11.556452829138006,39.55487060546875,0.943717739364654,0.8097606897354126,,
sc_h_38,telea,10.695643177875777,20.96795654296875,0.0,0.8593968749046326,,
sc_h_38,navier_stokes,8.813258545964564,29.29901123046875,0.0,0.8891534805297852,✔️,
sc_h_38,lama_manual_mask,9.586218890226176,21.31951904296875,0.0,0.8653237819671631,,
sc_h_38,lama_dilated,9.885442408838744,20.06561279296875,0.0,0.89471435546875,✔️,✔️
sc_h_38,lama_auto,9.867356443954574,20.90350341796875,0.0,0.904417872428894,✔️,
sc_h_39,raw,11.384741254018532,37.97576904296875,1.6148241330737518,0.7184951305389404,,
sc_h_39,telea,7.006914976981999,16.87225341796875,0.0,0.7790034413337708,,
sc_h_39,navier_stokes,6.10237658046992,22.35076904296875,0.0,0.8157182931900024,✔️,
sc_h_39,lama_manual_mask,6.893870949496382,18.70233154296875,0.0,0.7870582938194275,,
sc_h_39,lama_dilated,7.942595949836677,18.23260498046875,0.0,0.8923225402832031,,✔️
sc_h_39,lama_auto,7.35344389876818,15.71307373046875,0.0,0.8947128057479858,✔️,✔️
sc_h_40,raw,8.508588581278556,14.32244873046875,1.0691710123329177,0.5076545476913452,✔️,
sc_h_40,telea,7.672811543339687,25.60174560546875,0.0,0.6379516124725342,,
sc_h_40,navier_stokes,7.687021466797028,19.87615966796875,0.0,0.6822773814201355,,
sc_h_40,lama_manual_mask,7.538108254330649,15.13494873046875,0.0,0.9102728962898254,,
sc_h_40,lama_dilated,6.134127033621447,22.62908935546875,0.0,0.92159903049469,✔️,✔️
sc_h_40,lama_auto,6.949925970455362,16.98651123046875,0.0,0.9083848595619202,✔️,
sc_h_41,raw,9.663677728326263,19.67694091796875,1.4836873049427268,0.5652701258659363,,
sc_h_41,telea,8.162823824268665,17.39178466796875,0.0,0.7930951118469238,,
sc_h_41,navier_stokes,6.947092528959295,18.27557373046875,0.0,0.7894879579544067,,
sc_h_41,lama_manual_mask,6.574400460619972,8.87615966796875,0.0,0.7287511825561523,✔️,
sc_h_41,lama_dilated,8.448035358413236,13.84979248046875,0.0,0.9304317235946656,✔️,✔️
sc_h_41,lama_auto,7.610260491202886,18.88299560546875,0.0,0.9275044202804564,✔️,✔️
sc_h_42,raw,5.92639149546699,20.57049560546875,0.5452141914576454,0.5218517780303955,,
sc_h_42,telea,6.592323090222169,26.34295654296875,0.0,0.8493756055831909,,
sc_h_42,navier_stokes,5.696361620178927,26.65447998046875,0.0,0.8138803243637085,,
sc_h_42,lama_manual_mask,5.474103094734301,23.48358154296875,0.0,0.7868220806121826,✔️,
sc_h_42,lama_dilated,6.551824283314882,24.68572998046875,0.0,0.8407936692237854,,✔️
sc_h_42,lama_auto,5.508534617081523,17.15447998046875,0.0,0.8778858780860901,✔️,✔️
sc_h_43,raw,14.558791419087788,35.33319091796875,1.2729010517147628,0.8373385667800903,,
sc_h_43,telea,11.00798495716164,23.88592529296875,0.0,0.8829962015151978,,
sc_h_43,navier_stokes,9.667190414625528,29.61834716796875,0.0,0.8776411414146423,✔️,
sc_h_43,lama_manual_mask,10.881443847819606,14.57147216796875,0.2656834125518799,0.8615007400512695,✔️,
sc_h_43,lama_dilated,10.970516151340192,19.27850341796875,0.0,0.9119300842285156,✔️,✔️
sc_h_43,lama_auto,10.356485213220385,20.25897216796875,0.0,0.9041185975074768,✔️,✔️
sc_h_44,raw,11.345304014572648,32.13104248046875,1.0253021586076352,0.4673753976821899,,
sc_h_44,telea,8.066003664133088,11.86834716796875,0.0,0.8106563091278076,,
sc_h_44,navier_stokes,7.62932541463592,14.78436279296875,0.0,0.8300378918647766,✔️,
sc_h_44,lama_manual_mask,8.08786255378222,6.47283935546875,0.0,0.7825044989585876,✔️,
sc_h_44,lama_dilated,8.503758769862007,14.08514404296875,0.0,0.9092611074447632,✔️,✔️
sc_h_44,lama_auto,8.437399658492772,14.26776123046875,0.0,0.8984743356704712,✔️,✔️
