stem,method,region_h,region_w,niqe,brisque,ocr_conf_sum,ocr_n_detections
sc_33_1,raw,411,295,5.618999874352224,6.60174560546875,0.9190023836163785,4
sc_33_1,telea,411,295,10.058758906372532,2.47967529296875,0.13104783691306138,2
sc_33_1,navier_stokes,411,295,7.943413914882652,7.37518310546875,0.0,0
sc_33_1,lama_manual_mask,411,295,4.559648280368823,6.15447998046875,2.8491770991786063,5
sc_33_1,lama_dilated,411,295,5.601601878194177,-3.45001220703125,0.5124596808674481,2
sc_33_1,lama_auto,411,295,6.221239131552641,-5.00762939453125,0.0,0
sc_33_11,raw,111,96,8.976470709068145,11.88153076171875,0.0,0
sc_33_11,telea,111,96,8.982224848562437,14.42156982421875,0.0,0
sc_33_11,navier_stokes,111,96,9.497698657387085,15.92694091796875,0.0,0
sc_33_11,lama_manual_mask,111,96,10.592461270477301,21.04315185546875,0.0,0
sc_33_11,lama_dilated,111,96,10.535143246711147,19.82098388671875,0.0,0
sc_33_11,lama_auto,111,96,9.445837742300098,21.18035888671875,0.0,0
sc_33_12,raw,117,96,6.764217739521914,10.63592529296875,0.5114037814080525,1
sc_33_12,telea,117,96,8.76598415957296,10.37420654296875,0.0,0
sc_33_12,navier_stokes,117,96,9.390773544717256,10.17889404296875,0.0,0
sc_33_12,lama_manual_mask,117,96,8.204052881500932,13.55975341796875,0.0,0
sc_33_12,lama_dilated,117,96,8.399760718961485,16.01043701171875,0.0,0
sc_33_12,lama_auto,117,96,9.557043729752133,15.97967529296875,0.0,0
sc_33_13,raw,116,96,7.559097614374637,50.22869873046875,0.0,0
sc_33_13,telea,116,96,7.824312380012298,49.89471435546875,0.0,0
sc_33_13,navier_stokes,116,96,7.909533399141706,52.09393310546875,0.0,0
sc_33_13,lama_manual_mask,116,96,7.8282034912084075,50.81658935546875,0.0,0
sc_33_13,lama_dilated,116,96,7.7465204760819635,46.72381591796875,0.0,0
sc_33_13,lama_auto,116,96,7.743290040515194,46.60858154296875,0.0,0
sc_33_14,raw,118,96,7.099815521300461,28.40057373046875,0.0,0
sc_33_14,telea,118,96,6.44591810969321,23.08612060546875,0.0,0
sc_33_14,navier_stokes,118,96,6.387873555160703,25.58416748046875,0.0,0
sc_33_14,lama_manual_mask,118,96,5.948280130043589,23.42889404296875,0.0,0
sc_33_14,lama_dilated,118,96,5.089528295366484,22.83807373046875,0.0,0
sc_33_14,lama_auto,118,96,5.712285762091392,24.11932373046875,0.0,0
sc_33_15,raw,119,106,7.278370964645744,19.29217529296875,0.9559501402155097,1
sc_33_15,telea,119,106,6.765705285385005,19.10858154296875,0.0,0
sc_33_15,navier_stokes,119,106,6.81163370136496,23.56951904296875,0.0,0
sc_33_15,lama_manual_mask,119,106,5.882840357847054,19.86346435546875,0.0,0
sc_33_15,lama_dilated,119,106,6.164004003912559,13.93182373046875,0.0,0
sc_33_15,lama_auto,119,106,6.163968029997483,10.13299560546875,0.0,0
sc_33_16,raw,117,96,16.060703950419768,8.25994873046875,1.9599416583304388,2
sc_33_16,telea,117,96,13.254933884529043,18.03240966796875,0.0,0
sc_33_16,navier_stokes,117,96,12.852826704652427,17.41229248046875,0.0,0
sc_33_16,lama_manual_mask,117,96,14.605173968440635,13.62713623046875,0.0,0
sc_33_16,lama_dilated,117,96,15.26145875575751,11.50701904296875,0.0,0
sc_33_16,lama_auto,117,96,14.76126495753216,10.98846435546875,0.0,0
sc_33_17,raw,126,96,14.586188635324259,39.28240966796875,1.4413605781397074,3
sc_33_17,telea,126,96,12.941067570017026,32.48846435546875,0.0,0
sc_33_17,navier_stokes,126,96,12.504236411908087,36.50604248046875,0.0,0
sc_33_17,lama_manual_mask,126,96,12.107284514756648,28.32928466796875,0.0,0
sc_33_17,lama_dilated,126,96,11.720919154190327,24.30096435546875,0.0,0
sc_33_17,lama_auto,126,96,12.734578107798312,27.97283935546875,0.0,0
sc_33_18,raw,124,125,9.317748638781744,16.12420654296875,1.513633990560792,2
sc_33_18,telea,124,125,11.318211690841025,12.85369873046875,0.0,0
sc_33_18,navier_stokes,124,125,11.209302766759086,16.02557373046875,0.0,0
sc_33_18,lama_manual_mask,124,125,8.44320815637888,9.05194091796875,0.0,0
sc_33_18,lama_dilated,124,125,9.441469782876005,8.27459716796875,0.0,0
sc_33_18,lama_auto,124,125,9.057775099826117,7.53143310546875,0.0,0
sc_33_19,raw,161,120,10.026128212805874,9.67010498046875,1.9792404634355414,2
sc_33_19,telea,161,120,10.298106976279614,11.44061279296875,0.0,0
sc_33_19,navier_stokes,161,120,9.899636177125654,12.36834716796875,0.0,0
sc_33_19,lama_manual_mask,161,120,9.48889583646698,12.68475341796875,0.0,0
sc_33_19,lama_dilated,161,120,9.420684784078036,8.56170654296875,0.0,0
sc_33_19,lama_auto,161,120,9.677536285553856,-1.63653564453125,0.0,0
sc_33_20,raw,121,96,13.318426832064851,28.68377685546875,0.32096234641074073,1
sc_33_20,telea,121,96,12.580939693804774,24.07928466796875,0.0,0
sc_33_20,navier_stokes,121,96,12.457080897800333,29.43768310546875,0.0,0
sc_33_20,lama_manual_mask,121,96,12.008132891237965,11.12811279296875,0.0,0
sc_33_20,lama_dilated,121,96,12.507178070579064,13.62713623046875,0.0,0
sc_33_20,lama_auto,121,96,12.054930719390965,21.41033935546875,0.0,0
sc_33_21,raw,122,108,8.480680832107536,24.78631591796875,1.0160243458035207,2
sc_33_21,telea,122,108,7.931797595243688,25.74041748046875,0.0,0
sc_33_21,navier_stokes,122,108,8.216625203741474,22.38592529296875,0.0,0
sc_33_21,lama_manual_mask,122,108,8.123274933881854,23.89764404296875,0.0,0
sc_33_21,lama_dilated,122,108,8.785057932303712,21.48553466796875,0.0,0
sc_33_21,lama_auto,122,108,7.617011895981199,22.76483154296875,0.0,0
sc_33_22,raw,106,96,9.855483256713997,62.50018310546875,0.0,0
sc_33_22,telea,106,96,11.157803975897377,53.85272216796875,0.0,0
sc_33_22,navier_stokes,106,96,10.091830825594554,55.52069091796875,0.0,0
sc_33_22,lama_manual_mask,106,96,9.10398238677678,54.04803466796875,0.0,0
sc_33_22,lama_dilated,106,96,10.73824064371991,54.98065185546875,0.0,0
sc_33_22,lama_auto,106,96,9.737298517017084,56.47186279296875,0.0,0
sc_33_23,raw,114,118,8.485456680431112,16.93084716796875,0.10555309693260798,1
sc_33_23,telea,114,118,8.512564485736931,24.28826904296875,0.0,0
sc_33_23,navier_stokes,114,118,9.018303683134597,26.54217529296875,0.0,0
sc_33_23,lama_manual_mask,114,118,10.042077020153478,17.03729248046875,0.0,0
sc_33_23,lama_dilated,114,118,7.967724011506416,27.51385498046875,0.0,0
sc_33_23,lama_auto,114,118,7.773153602236,27.79412841796875,0.0,0
sc_33_24,raw,125,96,12.091889050424488,41.75213623046875,0.9206509458167305,2
sc_33_24,telea,125,96,14.375242581570443,28.55682373046875,0.0,0
sc_33_24,navier_stokes,125,96,12.10238051313519,39.15643310546875,0.0,0
sc_33_24,lama_manual_mask,125,96,10.722556671874383,32.10369873046875,0.0,0
sc_33_24,lama_dilated,125,96,9.640021014472778,35.86248779296875,0.0,0
sc_33_24,lama_auto,125,96,9.555325159253178,30.86834716796875,0.0,0
sc_33_25,raw,115,96,7.2865934474416685,29.82830810546875,0.817940982214669,2
sc_33_25,telea,115,96,6.071260797676094,29.17303466796875,0.0,0
sc_33_25,navier_stokes,115,96,5.992091641053261,30.70135498046875,0.0,0
sc_33_25,lama_manual_mask,115,96,5.784940230931361,27.01385498046875,0.0,0
sc_33_25,lama_dilated,115,96,4.7170341105064715,30.50897216796875,0.0,0
sc_33_25,lama_auto,115,96,4.484769751809912,29.43084716796875,0.0,0
sc_33_26,raw,129,96,11.856804765857479,20.81463623046875,0.6042001867952087,3
sc_33_26,telea,129,96,8.986198491932532,21.93768310546875,0.0,0
sc_33_26,navier_stokes,129,96,9.58325924765137,17.19842529296875,0.0,0
sc_33_26,lama_manual_mask,129,96,10.856904087277368,20.55194091796875,0.0,0
sc_33_26,lama_dilated,129,96,10.873539447104669,20.25701904296875,0.0,0
sc_33_26,lama_auto,129,96,11.497019495878845,21.47381591796875,0.0,0
sc_33_27,raw,123,96,10.78643826745173,57.25506591796875,0.0,0
sc_33_27,telea,123,96,9.951443905744789,54.72869873046875,0.0,0
sc_33_27,navier_stokes,123,96,9.599736437390556,54.98553466796875,0.0,0
sc_33_27,lama_manual_mask,123,96,10.226492336597424,53.66131591796875,0.0,0
sc_33_27,lama_dilated,123,96,9.859743843155943,52.75701904296875,0.0,0
sc_33_27,lama_auto,123,96,9.461349459776276,52.89764404296875,0.0,0
sc_33_28,raw,126,96,7.53374385396536,25.11346435546875,0.9710894362408595,3
sc_33_28,telea,126,96,8.551045933709519,26.39471435546875,0.0,0
sc_33_28,navier_stokes,126,96,6.297172227492225,33.45819091796875,0.0,0
sc_33_28,lama_manual_mask,126,96,4.617841810292874,25.11248779296875,0.11370903801401905,1
sc_33_28,lama_dilated,126,96,7.029671696690215,34.13983154296875,0.0,0
sc_33_28,lama_auto,126,96,5.3068275114050625,37.78826904296875,0.0,0
sc_33_29,raw,126,96,11.410400555295022,47.02069091796875,0.8174942492418651,3
sc_33_29,telea,126,96,12.152194785896254,41.45037841796875,0.0,0
sc_33_29,navier_stokes,126,96,10.434270679985223,48.69744873046875,0.0,0
sc_33_29,lama_manual_mask,126,96,10.264555864976645,43.52655029296875,0.0,0
sc_33_29,lama_dilated,126,96,8.550523242057945,31.95428466796875,0.0,0
sc_33_29,lama_auto,126,96,9.12817871250318,30.63690185546875,0.0,0
sc_33_30,raw,120,96,6.864001436629392,29.20819091796875,2.219038031997779,3
sc_33_30,telea,120,96,4.695292872278206,22.18768310546875,0.0,0
sc_33_30,navier_stokes,120,96,4.576938791210749,24.18670654296875,0.0,0
sc_33_30,lama_manual_mask,120,96,4.812171494902344,23.31170654296875,0.0,0
sc_33_30,lama_dilated,120,96,4.893611053234794,23.52069091796875,0.0,0
sc_33_30,lama_auto,120,96,4.967888065549982,22.64080810546875,0.0,0
sc_33_31,raw,114,107,8.867908285280137,21.85565185546875,0.9516260753531955,1
sc_33_31,telea,114,107,7.825819843108187,16.69061279296875,0.0,0
sc_33_31,navier_stokes,114,107,7.5457879296708406,14.12420654296875,0.0,0
sc_33_31,lama_manual_mask,114,107,7.4432865746799095,17.94158935546875,0.0,0
sc_33_31,lama_dilated,114,107,9.294186891463136,19.25018310546875,0.0,0
sc_33_31,lama_auto,114,107,8.467131772670689,21.92303466796875,0.0,0
sc_33_32,raw,114,96,8.894692271840798,56.45330810546875,0.0,0
sc_33_32,telea,114,96,8.292358930965147,55.55975341796875,0.0,0
sc_33_32,navier_stokes,114,96,8.354649134364175,55.86639404296875,0.0,0
sc_33_32,lama_manual_mask,114,96,8.183676184240785,53.24334716796875,0.0,0
sc_33_32,lama_dilated,114,96,8.059841272136477,51.45916748046875,0.0,0
sc_33_32,lama_auto,114,96,8.430985431090557,52.08319091796875,0.0,0
sc_33_33,raw,108,116,5.239397383899996,10.53338623046875,0.2624143589621848,1
sc_33_33,telea,108,116,6.442766068318817,16.68670654296875,0.0,0
sc_33_33,navier_stokes,108,116,6.006033917600045,17.88104248046875,0.0,0
sc_33_33,lama_manual_mask,108,116,6.334267258283512,20.72186279296875,0.0,0
sc_33_33,lama_dilated,108,116,4.969818469983483,16.33514404296875,0.0,0
sc_33_33,lama_auto,108,116,5.828729989477062,21.79119873046875,0.0,0
sc_33_34,raw,118,96,12.378759582184298,25.14764404296875,0.5184316006798949,1
sc_33_34,telea,118,96,10.650597086149123,9.88885498046875,0.0,0
sc_33_34,navier_stokes,118,96,10.524613312527421,17.83807373046875,0.0,0
sc_33_34,lama_manual_mask,118,96,10.859012397359512,7.38885498046875,0.0,0
sc_33_34,lama_dilated,118,96,12.603490751260471,18.47186279296875,0.0,0
sc_33_34,lama_auto,118,96,11.591916883950503,20.05291748046875,0.0,0
sc_33_35,raw,108,96,5.564938814863333,12.52947998046875,1.4482205891507487,2
sc_33_35,telea,108,96,6.065049230920161,16.68084716796875,0.0,0
sc_33_35,navier_stokes,108,96,5.760144675318466,17.19354248046875,0.0,0
sc_33_35,lama_manual_mask,108,96,5.120109509571562,16.20721435546875,0.0,0
sc_33_35,lama_dilated,108,96,6.242990569540337,16.87322998046875,0.0,0
sc_33_35,lama_auto,108,96,6.324093624959399,19.26873779296875,0.0,0
sc_33_36,raw,116,96,11.631110848321278,19.80780029296875,1.3006378894613426,2
sc_33_36,telea,116,96,9.79137245493132,10.97381591796875,0.0,0
sc_33_36,navier_stokes,116,96,10.144568350434788,9.84637451171875,0.0,0
sc_33_36,lama_manual_mask,116,96,11.639833112416738,18.56854248046875,0.0,0
sc_33_36,lama_dilated,116,96,13.266602751806671,19.78826904296875,0.0,0
sc_33_36,lama_auto,116,96,11.717322222900297,17.79412841796875,0.0,0
sc_33_37,raw,112,96,8.686415614048625,57.01287841796875,0.0,0
sc_33_37,telea,112,96,8.43196077535749,50.27850341796875,0.0,0
sc_33_37,navier_stokes,112,96,8.094932701408652,50.67694091796875,0.0,0
sc_33_37,lama_manual_mask,112,96,8.48937645711237,49.98455810546875,0.0,0
sc_33_37,lama_dilated,112,96,7.953026207934106,49.25897216796875,0.0,0
sc_33_37,lama_auto,112,96,9.23806289917992,48.61737060546875,0.0,0
sc_33_38,raw,109,96,5.242473699742741,14.52264404296875,1.1250427212513614,2
sc_33_38,telea,109,96,7.114808843619422,20.82537841796875,0.0,0
sc_33_38,navier_stokes,109,96,6.230756840787666,22.67205810546875,0.0,0
sc_33_38,lama_manual_mask,109,96,6.174340321342755,17.87908935546875,0.0,0
sc_33_38,lama_dilated,109,96,7.141980379497971,28.51873779296875,0.0,0
sc_33_38,lama_auto,109,96,7.0181148710658805,29.28826904296875,0.0,0
sc_33_39,raw,118,96,9.85606645280509,24.40350341796875,0.6388281105473461,3
sc_33_39,telea,118,96,12.179444565540761,5.73260498046875,0.0,0
sc_33_39,navier_stokes,118,96,10.321839379082837,13.70623779296875,0.0,0
sc_33_39,lama_manual_mask,118,96,9.297778576129552,10.83221435546875,0.0,0
sc_33_39,lama_dilated,118,96,11.823529264044705,12.96697998046875,0.0,0
sc_33_39,lama_auto,118,96,9.411572782753662,15.69354248046875,0.0,0
sc_33_40,raw,106,96,5.049649347065741,17.82928466796875,1.981215580005985,3
sc_33_40,telea,106,96,5.453400789332602,26.71209716796875,0.0,0
sc_33_40,navier_stokes,106,96,5.074680467581673,27.50115966796875,0.0,0
sc_33_40,lama_manual_mask,106,96,4.625920381013809,27.15057373046875,0.0,0
sc_33_40,lama_dilated,106,96,5.686947834168723,27.16619873046875,0.0,0
sc_33_40,lama_auto,106,96,6.0486582434612615,24.80194091796875,0.0,0
sc_h_1,raw,595,401,5.873386404583525,37.79315185546875,2.24868129361486,5
sc_h_1,telea,595,401,7.909847176823771,37.54412841796875,0.0,0
sc_h_1,navier_stokes,595,401,7.487186034158837,42.96697998046875,0.0,0
sc_h_1,lama_manual_mask,595,401,5.588333487579119,32.11541748046875,0.0,0
sc_h_1,lama_dilated,595,401,6.174716543773633,34.10955810546875,0.0,0
sc_h_1,lama_auto,595,401,5.593461068324131,33.45037841796875,0.06105324234783223,1
sc_h_10,raw,177,107,6.050036134654135,33.79315185546875,2.5479475135247407,4
sc_h_10,telea,177,107,5.184236597440356,25.94158935546875,0.0,0
sc_h_10,navier_stokes,177,107,4.846947701685881,27.42303466796875,0.0,0
sc_h_10,lama_manual_mask,177,107,5.005777528398032,31.89764404296875,0.0,0
sc_h_10,lama_dilated,177,107,5.876340954359558,30.63494873046875,0.0,0
sc_h_10,lama_auto,177,107,5.450328825843332,25.75506591796875,0.0,0
sc_h_11,raw,177,114,12.228836293213549,37.95819091796875,2.7535306823115238,4
sc_h_11,telea,177,114,10.609083776295613,14.05194091796875,0.0,0
sc_h_11,navier_stokes,177,114,8.495440450981663,18.07635498046875,0.0,0
sc_h_11,lama_manual_mask,177,114,10.285454159885987,24.49920654296875,0.2452489566279807,1
sc_h_11,lama_dilated,177,114,12.723076899961796,11.69549560546875,0.0,0
sc_h_11,lama_auto,177,114,10.533819658537421,7.02459716796875,0.0,0
sc_h_12,raw,225,189,9.194102985350423,44.24139404296875,2.0084668683890325,4
sc_h_12,telea,225,189,9.432134343305703,35.40838623046875,0.0,0
sc_h_12,navier_stokes,225,189,9.036859708284652,38.27947998046875,0.0,0
sc_h_12,lama_manual_mask,225,189,9.217272964064346,39.82049560546875,0.0,0
sc_h_12,lama_dilated,225,189,9.117418643709994,32.95330810546875,0.0,0
sc_h_12,lama_auto,225,189,9.367590008893277,37.49530029296875,0.0,0
sc_h_13,raw,173,110,12.445995813499549,45.73553466796875,1.176303100826892,2
sc_h_13,telea,173,110,8.33820643146974,28.96209716796875,0.0,0
sc_h_13,navier_stokes,173,110,7.024116174011638,33.19451904296875,0.0,0
sc_h_13,lama_manual_mask,173,110,8.442442419536835,31.21990966796875,0.23015013372865925,1
sc_h_13,lama_dilated,173,110,7.8232622120234145,19.43963623046875,0.0,0
sc_h_13,lama_auto,173,110,6.98862523341433,22.25897216796875,0.0,0
sc_h_14,raw,171,111,10.599150711084825,35.25994873046875,2.101869662618983,4
sc_h_14,telea,171,111,9.89660260681555,51.96014404296875,0.0,0
sc_h_14,navier_stokes,171,111,9.623122918681181,44.16229248046875,0.0,0
sc_h_14,lama_manual_mask,171,111,8.861371106768964,37.97967529296875,0.0,0
sc_h_14,lama_dilated,171,111,8.198344839733917,38.72088623046875,0.0,0
sc_h_14,lama_auto,171,111,8.77088194701101,38.26385498046875,0.0,0
sc_h_15,raw,187,114,12.824170885241696,27.71990966796875,1.9168854211470205,4
sc_h_15,telea,187,114,12.37536785697973,19.37615966796875,0.0,0
sc_h_15,navier_stokes,187,114,10.794038640674648,24.80780029296875,0.0,0
sc_h_15,lama_manual_mask,187,114,10.900940148781837,25.72967529296875,0.3131546286008595,2
sc_h_15,lama_dilated,187,114,10.85425132238413,22.80487060546875,0.0,0
sc_h_15,lama_auto,187,114,8.941966714943078,18.11248779296875,0.0,0
sc_h_16,raw,187,114,8.595971280989183,55.77850341796875,0.5404344476082373,1
sc_h_16,telea,187,114,8.628262616041699,44.29803466796875,0.0,0
sc_h_16,navier_stokes,187,114,7.228698701184607,46.19647216796875,0.0,0
sc_h_16,lama_manual_mask,187,114,6.920983802759101,48.37518310546875,0.0,0
sc_h_16,lama_dilated,187,114,7.631513516897686,44.90350341796875,0.0,0
sc_h_16,lama_auto,187,114,7.372674321278707,36.59295654296875,0.0,0
sc_h_17,raw,180,122,15.12696059945883,42.68084716796875,2.921231101468044,4
sc_h_17,telea,180,122,10.91236003711378,33.99920654296875,0.0,0
sc_h_17,navier_stokes,180,122,8.186753570085004,36.55975341796875,0.0,0
sc_h_17,lama_manual_mask,180,122,9.856637257892038,27.32830810546875,0.4658096730709076,1
sc_h_17,lama_dilated,180,122,8.23518669315131,25.58026123046875,0.0,0
sc_h_17,lama_auto,180,122,7.083417912297346,24.68377685546875,0.0,0
sc_h_18,raw,173,112,12.697424311221893,36.95233154296875,2.0952789344483636,4
sc_h_18,telea,173,112,7.973285306903851,17.52557373046875,0.0,0
sc_h_18,navier_stokes,173,112,6.469313135444408,24.08416748046875,0.0,0
sc_h_18,lama_manual_mask,173,112,8.661347288225942,23.25115966796875,0.4961972342271218,1
sc_h_18,lama_dilated,173,112,7.981196194209436,14.91522216796875,0.0,0
sc_h_18,lama_auto,173,112,7.76274101089447,19.09100341796875,0.0,0
sc_h_19,raw,117,96,10.704530407248253,42.00213623046875,1.1726903539135107,2
sc_h_19,telea,117,96,8.424610137509584,40.79022216796875,0.0,0
sc_h_19,navier_stokes,117,96,8.590394025016076,43.17987060546875,0.0,0
sc_h_19,lama_manual_mask,117,96,7.186783218928062,34.40936279296875,0.0,0
sc_h_19,lama_dilated,117,96,8.406524570077067,40.21990966796875,0.0,0
sc_h_19,lama_auto,117,96,9.1657417706088,40.95623779296875,0.6565936323980983,1
sc_h_20,raw,156,114,8.096012029146479,38.94354248046875,2.8000367921512237,4
sc_h_20,telea,156,114,9.410053638888744,50.89471435546875,0.0,0
sc_h_20,navier_stokes,156,114,8.650121593401273,44.62225341796875,0.0,0
sc_h_20,lama_manual_mask,156,114,7.786390735173616,39.20233154296875,0.0,0
sc_h_20,lama_dilated,156,114,7.376657692794536,36.72674560546875,0.0,0
sc_h_20,lama_auto,156,114,7.026239712483834,35.81072998046875,0.0,0
sc_h_21,raw,168,116,7.664753051369903,24.86346435546875,1.6708106613383222,3
sc_h_21,telea,168,116,6.19926499231404,22.89471435546875,0.0,0
sc_h_21,navier_stokes,168,116,5.162216507620573,23.09100341796875,0.0,0
sc_h_21,lama_manual_mask,168,116,5.3599538966073546,21.11053466796875,0.0,0
sc_h_21,lama_dilated,168,116,5.85566628758544,20.57830810546875,0.0,0
sc_h_21,lama_auto,168,116,6.026719961349558,19.51678466796875,0.0,0
sc_h_22,raw,153,133,11.197142264286985,20.90838623046875,1.144969787393245,3
sc_h_22,telea,153,133,8.206250641627458,28.59393310546875,0.0,0
sc_h_22,navier_stokes,153,133,9.39288850549621,21.31658935546875,0.0,0
sc_h_22,lama_manual_mask,153,133,10.83892079059886,21.12469482421875,0.0,0
sc_h_22,lama_dilated,153,133,10.686061523052755,20.30145263671875,0.0,0
sc_h_22,lama_auto,153,133,10.414589298195752,18.21942138671875,0.0,0
sc_h_23,raw,152,101,12.546432827166802,54.79901123046875,1.0905255760413113,2
sc_h_23,telea,152,101,11.14321193700018,40.34100341796875,0.0,0
sc_h_23,navier_stokes,152,101,8.580844984020057,43.53045654296875,0.0,0
sc_h_23,lama_manual_mask,152,101,8.831105733229354,46.91815185546875,0.0,0
sc_h_23,lama_dilated,152,101,9.0324493571336,41.98651123046875,0.0,0
sc_h_23,lama_auto,152,101,8.388296296448345,41.39569091796875,0.0,0
sc_h_24,raw,173,125,8.016340423853068,26.26190185546875,2.1779078215517407,4
sc_h_24,telea,173,125,7.254236357802427,30.59197998046875,0.0,0
sc_h_24,navier_stokes,173,125,7.3431493025185395,27.73651123046875,0.0,0
sc_h_24,lama_manual_mask,173,125,6.907728020788885,26.31463623046875,0.0,0
sc_h_24,lama_dilated,173,125,8.480106894664486,21.24237060546875,0.0,0
sc_h_24,lama_auto,173,125,7.531172241811446,23.75506591796875,0.0,0
sc_h_25,raw,171,120,6.675865856736243,35.59393310546875,0.0,0
sc_h_25,telea,171,120,7.736150866885247,35.64178466796875,0.0,0
sc_h_25,navier_stokes,171,120,5.5007623600831455,31.70330810546875,0.0,0
sc_h_25,lama_manual_mask,171,120,4.79848602620857,27.11444091796875,0.0,0
sc_h_25,lama_dilated,171,120,5.172490704404951,29.91326904296875,0.0,0
sc_h_25,lama_auto,171,120,4.545730397356573,24.70135498046875,0.0,0
sc_h_26,raw,118,96,10.75346260295714,26.72674560546875,0.10846550762653351,1
sc_h_26,telea,118,96,9.634830649658818,37.53240966796875,0.0,0
sc_h_26,navier_stokes,118,96,10.051969430729343,36.28240966796875,0.0,0
sc_h_26,lama_manual_mask,118,96,9.104476925250692,30.89959716796875,0.0,0
sc_h_26,lama_dilated,118,96,11.58300107132179,32.11346435546875,0.0,0
sc_h_26,lama_auto,118,96,10.617699777438991,27.98846435546875,0.0,0
sc_h_27,raw,120,96,8.974065994701794,25.38299560546875,0.42956307646151326,2
sc_h_27,telea,120,96,6.61633946083251,27.54608154296875,0.0,0
sc_h_27,navier_stokes,120,96,6.787351329480346,32.06463623046875,0.0,0
sc_h_27,lama_manual_mask,120,96,5.770161865941934,25.67108154296875,0.0,0
sc_h_27,lama_dilated,120,96,5.969812154092548,29.40936279296875,0.0,0
sc_h_27,lama_auto,120,96,5.9206420863144205,24.59197998046875,0.0,0
sc_h_28,raw,119,96,11.997247817927223,44.96990966796875,1.5039422002767502,2
sc_h_28,telea,119,96,13.094592152348476,20.56951904296875,0.0,0
sc_h_28,navier_stokes,119,96,11.512074439608268,25.29412841796875,0.0,0
sc_h_28,lama_manual_mask,119,96,8.837278850652016,26.52655029296875,0.0,0
sc_h_28,lama_dilated,119,96,10.448045873234987,25.67889404296875,0.0,0
sc_h_28,lama_auto,119,96,9.431430393725943,23.38983154296875,0.0,0
sc_h_29,raw,117,96,10.985615569285725,42.42596435546875,0.5024041993779816,2
sc_h_29,telea,117,96,10.72917130543534,28.95037841796875,0.0,0
sc_h_29,navier_stokes,117,96,9.157807777773806,29.62127685546875,0.0,0
sc_h_29,lama_manual_mask,117,96,7.1699615472334335,17.31951904296875,0.9182377883309117,1
sc_h_29,lama_dilated,117,96,8.224863508195694,27.18475341796875,0.0,0
sc_h_29,lama_auto,117,96,7.672748640437668,26.53826904296875,0.0,0
sc_h_3,raw,176,119,5.794449241167647,32.77655029296875,0.6500357466755572,1
sc_h_3,telea,176,119,5.99739818348312,22.43963623046875,0.0,0
sc_h_3,navier_stokes,176,119,4.412190262099644,22.82244873046875,0.0,0
sc_h_3,lama_manual_mask,176,119,4.14848096213932,25.26873779296875,0.0,0
sc_h_3,lama_dilated,176,119,4.824181544607837,24.90155029296875,0.0,0
sc_h_3,lama_auto,176,119,4.550905816180611,24.52069091796875,0.0,0
sc_h_30,raw,117,96,10.102857622144851,21.99920654296875,0.23497415129120897,2
sc_h_30,telea,117,96,7.877393652253972,35.45721435546875,0.0,0
sc_h_30,navier_stokes,117,96,7.860334351820791,31.61346435546875,0.0,0
sc_h_30,lama_manual_mask,117,96,7.699634044033281,27.73455810546875,0.0,0
sc_h_30,lama_dilated,117,96,7.484852470475939,30.85467529296875,0.0,0
sc_h_30,lama_auto,117,96,8.38483076173791,28.16326904296875,0.8077289330035551,1
sc_h_31,raw,121,96,13.300390676952144,40.17889404296875,1.1201249881175863,2
sc_h_31,telea,121,96,12.628957616798957,38.61932373046875,0.0,0
sc_h_31,navier_stokes,121,96,11.121870569658276,37.71502685546875,0.0,0
sc_h_31,lama_manual_mask,121,96,11.204381260829468,16.96697998046875,0.0,0
sc_h_31,lama_dilated,121,96,9.832868642768311,39.16619873046875,0.0,0
sc_h_31,lama_auto,121,96,9.555848611307598,25.70330810546875,0.0,0
sc_h_32,raw,127,96,7.610607664354587,25.44158935546875,0.605164453967524,2
sc_h_32,telea,127,96,7.28021077030799,17.92596435546875,0.0,0
sc_h_32,navier_stokes,127,96,6.737390785596663,19.10174560546875,0.0,0
sc_h_32,lama_manual_mask,127,96,6.365668438739387,18.62615966796875,0.0,0
sc_h_32,lama_dilated,127,96,7.105394158001443,20.41424560546875,0.0,0
sc_h_32,lama_auto,127,96,5.904197045351651,19.88787841796875,0.0,0
sc_h_33,raw,117,96,12.739083966608701,47.54705810546875,1.1679842513281051,2
sc_h_33,telea,117,96,13.472590872384536,38.52850341796875,0.0,0
sc_h_33,navier_stokes,117,96,12.214626239698152,40.45330810546875,0.0,0
sc_h_33,lama_manual_mask,117,96,10.940740815120307,39.62322998046875,0.0,0
sc_h_33,lama_dilated,117,96,9.051531977416808,30.20135498046875,0.0,0
sc_h_33,lama_auto,117,96,9.312376219639496,30.23651123046875,0.0,0
sc_h_34,raw,116,96,12.321755137057385,41.43963623046875,0.7776264720387619,1
sc_h_34,telea,116,96,12.522814185192987,27.70526123046875,0.0,0
sc_h_34,navier_stokes,116,96,10.64516536589178,30.82537841796875,0.0,0
sc_h_34,lama_manual_mask,116,96,10.30053499886702,18.79022216796875,0.0,0
sc_h_34,lama_dilated,116,96,8.874902156080612,28.89178466796875,0.0,0
sc_h_34,lama_auto,116,96,8.16106214977644,30.28533935546875,0.0,0
sc_h_35,raw,123,100,5.6390229998040775,16.14666748046875,1.267990642799735,2
sc_h_35,telea,123,100,6.582924515627468,13.85760498046875,0.0,0
sc_h_35,navier_stokes,123,100,5.732840214427518,13.45916748046875,0.0,0
sc_h_35,lama_manual_mask,123,100,6.02248780316457,13.55877685546875,0.0,0
sc_h_35,lama_dilated,123,100,6.5441154768761525,15.14666748046875,0.0,0
sc_h_35,lama_auto,123,100,6.09764957634232,13.10858154296875,0.0,0
sc_h_36,raw,126,96,5.504767034995489,22.64178466796875,0.0,0
sc_h_36,telea,126,96,6.4860773079703185,23.75018310546875,0.0,0
sc_h_36,navier_stokes,126,96,5.610234464972501,21.65155029296875,0.0,0
sc_h_36,lama_manual_mask,126,96,6.055780263671348,17.28045654296875,0.0,0
sc_h_36,lama_dilated,126,96,5.747054337622182,16.93572998046875,0.0,0
sc_h_36,lama_auto,126,96,6.071028632010841,12.47088623046875,0.0,0
sc_h_37,raw,127,96,4.673155471012938,16.88201904296875,0.0,0
sc_h_37,telea,127,96,5.062055833812112,15.15740966796875,0.0,0
sc_h_37,navier_stokes,127,96,4.983133911511454,16.44940185546875,0.0,0
sc_h_37,lama_manual_mask,127,96,4.755179256253584,13.49920654296875,0.0,0
sc_h_37,lama_dilated,127,96,4.857600133629534,11.08026123046875,0.0,0
sc_h_37,lama_auto,127,96,5.102923361652468,19.03826904296875,0.0,0
sc_h_38,raw,125,96,11.556452829138006,39.55487060546875,0.9437177393646541,2
sc_h_38,telea,125,96,10.695643177875775,20.96795654296875,0.0,0
sc_h_38,navier_stokes,125,96,8.813258545964564,29.29901123046875,0.0,0
sc_h_38,lama_manual_mask,125,96,9.586218890226176,21.31951904296875,0.0,0
sc_h_38,lama_dilated,125,96,9.885442408838745,20.06561279296875,0.0,0
sc_h_38,lama_auto,125,96,9.867356443954574,20.90350341796875,0.0,0
sc_h_39,raw,123,96,11.384741254018532,37.97576904296875,1.6148241330737518,2
sc_h_39,telea,123,96,7.0069149769819985,16.87225341796875,0.0,0
sc_h_39,navier_stokes,123,96,6.10237658046992,22.35076904296875,0.0,0
sc_h_39,lama_manual_mask,123,96,6.893870949496382,18.70233154296875,0.0,0
sc_h_39,lama_dilated,123,96,7.942595949836677,18.23260498046875,0.0,0
sc_h_39,lama_auto,123,96,7.35344389876818,15.71307373046875,0.0,0
sc_h_40,raw,123,96,8.508588581278556,14.32244873046875,1.0691710123329177,2
sc_h_40,telea,123,96,7.672811543339687,25.60174560546875,0.0,0
sc_h_40,navier_stokes,123,96,7.687021466797028,19.87615966796875,0.0,0
sc_h_40,lama_manual_mask,123,96,7.538108254330649,15.13494873046875,0.0,0
sc_h_40,lama_dilated,123,96,6.134127033621447,22.62908935546875,0.0,0
sc_h_40,lama_auto,123,96,6.949925970455362,16.98651123046875,0.0,0
sc_h_41,raw,131,96,9.663677728326263,19.67694091796875,1.4836873049427268,2
sc_h_41,telea,131,96,8.162823824268665,17.39178466796875,0.0,0
sc_h_41,navier_stokes,131,96,6.947092528959295,18.27557373046875,0.0,0
sc_h_41,lama_manual_mask,131,96,6.574400460619972,8.87615966796875,0.0,0
sc_h_41,lama_dilated,131,96,8.448035358413236,13.84979248046875,0.0,0
sc_h_41,lama_auto,131,96,7.610260491202886,18.88299560546875,0.0,0
sc_h_42,raw,130,96,5.92639149546699,20.57049560546875,0.5452141914576454,1
sc_h_42,telea,130,96,6.592323090222169,26.34295654296875,0.0,0
sc_h_42,navier_stokes,130,96,5.696361620178927,26.65447998046875,0.0,0
sc_h_42,lama_manual_mask,130,96,5.474103094734301,23.48358154296875,0.0,0
sc_h_42,lama_dilated,130,96,6.551824283314882,24.68572998046875,0.0,0
sc_h_42,lama_auto,130,96,5.508534617081523,17.15447998046875,0.0,0
sc_h_43,raw,126,96,14.558791419087788,35.33319091796875,1.2729010517147628,3
sc_h_43,telea,126,96,11.007984957161641,23.88592529296875,0.0,0
sc_h_43,navier_stokes,126,96,9.667190414625527,29.61834716796875,0.0,0
sc_h_43,lama_manual_mask,126,96,10.881443847819606,14.57147216796875,0.2656834125518799,1
sc_h_43,lama_dilated,126,96,10.970516151340192,19.27850341796875,0.0,0
sc_h_43,lama_auto,126,96,10.356485213220383,20.25897216796875,0.0,0
sc_h_44,raw,121,96,11.345304014572648,32.13104248046875,1.0253021586076352,2
sc_h_44,telea,121,96,8.066003664133088,11.86834716796875,0.0,0
sc_h_44,navier_stokes,121,96,7.62932541463592,14.78436279296875,0.0,0
sc_h_44,lama_manual_mask,121,96,8.08786255378222,6.47283935546875,0.0,0
sc_h_44,lama_dilated,121,96,8.503758769862007,14.08514404296875,0.0,0
sc_h_44,lama_auto,121,96,8.437399658492772,14.26776123046875,0.0,0
