stem,method,niqe ↓,brisque ↓,remove_score ↑,conclusion,conlcusion (visual)
sc_33_1,lama_dilated,5.893139362681383,-5.04083251953125,0.7159628868103027,,
sc_33_1,realesrgan,6.284313444998936,24.94744873046875,0.7211323976516724,,
sc_33_1,aesrgan,4.108376444086868,-11.74688720703125,0.749676525592804,✔️,
sc_33_11,lama_dilated,10.522218410810398,17.36444091796875,0.9022783041000366,✔️,
sc_33_11,swin2sr,13.95614032815092,106.46783447265624,0.8057804703712463,,✔️
sc_33_11,realesrgan,4.617147558529609,22.77947998046875,0.857668399810791,✔️,
sc_33_11,aesrgan,6.485734111960818,15.00506591796875,0.8882585167884827,✔️,
sc_33_12,lama_dilated,8.399760718961485,16.01043701171875,0.9031728506088256,,
sc_33_12,swin2sr,12.1271163997731,65.86199951171875,0.8684624433517456,,
sc_33_12,realesrgan,4.5651438412617225,17.60174560546875,0.9039086103439332,✔️,
sc_33_12,aesrgan,8.012454128268068,6.76092529296875,0.9087388515472412,✔️,✔️
sc_33_13,lama_dilated,6.981310551765733,49.85858154296875,0.7773683071136475,✔️,
sc_33_13,swin2sr,9.006137310931864,39.43670654296875,0.6678956151008606,,
sc_33_13,realesrgan,9.883554748926697,16.70819091796875,0.7019359469413757,,
sc_33_13,aesrgan,7.406662778412842,-1.58282470703125,0.6986223459243774,✔️,✔️
sc_33_14,lama_dilated,5.21952102153655,20.40740966796875,0.8567471504211426,✔️,
sc_33_14,swin2sr,7.585460551800716,33.32928466796875,0.7767775654792786,,✔️
sc_33_14,realesrgan,8.67723402960112,16.99920654296875,0.849947452545166,,
sc_33_14,aesrgan,6.228484228994383,5.02947998046875,0.8551514148712158,✔️,
sc_33_15,lama_dilated,6.684796784248552,14.96697998046875,0.5931088924407959,✔️,
sc_33_15,swin2sr,12.297013090907528,54.49627685546875,0.5478333234786987,,
sc_33_15,realesrgan,7.796640110093639,16.68280029296875,0.5519232749938965,,
sc_33_15,aesrgan,8.516481878700034,-6.46466064453125,0.5589275360107422,✔️,✔️
sc_33_16,lama_dilated,13.408182151934277,7.65643310546875,0.9085381627082824,✔️,
sc_33_16,swin2sr,15.831452509427567,78.49530029296875,0.8684682250022888,,
sc_33_16,realesrgan,14.26867956327902,30.20916748046875,0.8773219585418701,,
sc_33_16,aesrgan,15.19368241609113,20.68280029296875,0.8764842748641968,,✔️
sc_33_17,lama_dilated,12.45483359433236,24.87420654296875,0.8319579362869263,,
sc_33_17,swin2sr,16.57106942160353,79.65643310546875,0.7646379470825195,,✔️
sc_33_17,realesrgan,10.191492686598552,27.92401123046875,0.8209171295166016,✔️,✔️
sc_33_17,aesrgan,11.774259913645478,14.21307373046875,0.836525022983551,✔️,✔️
sc_33_18,lama_dilated,9.770566356098508,5.01873779296875,0.907670557498932,✔️,
sc_33_18,swin2sr,11.590333360991051,49.56658935546875,0.8624473214149475,,
sc_33_18,realesrgan,10.487593955178692,8.99822998046875,0.8678491115570068,,
sc_33_18,aesrgan,12.780291150276447,-2.06036376953125,0.8795031309127808,✔️,✔️
sc_33_19,lama_dilated,10.538398912412449,8.49530029296875,0.8078644275665283,✔️,
sc_33_19,swin2sr,9.852436485377256,44.69354248046875,0.7979581356048584,,
sc_33_19,realesrgan,8.023069569201798,13.09490966796875,0.7640994787216187,,
sc_33_19,aesrgan,7.742758059914447,-9.14923095703125,0.7395495176315308,✔️,✔️
sc_33_20,lama_dilated,12.373572688938754,16.01580810546875,0.7899163961410522,,
sc_33_20,swin2sr,14.918292216715177,73.16229248046875,0.8061161041259766,,
sc_33_20,realesrgan,14.620967033074251,19.82440185546875,0.8216643333435059,,
sc_33_20,aesrgan,10.67327443150758,2.07244873046875,0.8437457084655762,✔️,✔️
sc_33_21,lama_dilated,8.213320586044878,19.28533935546875,0.8793891072273254,✔️,
sc_33_21,swin2sr,11.296870813604157,48.84393310546875,0.8330700397491455,,✔️
sc_33_21,realesrgan,4.840103305281357,45.07147216796875,0.8874816298484802,✔️,
sc_33_21,aesrgan,7.65593664517546,23.70526123046875,0.8428856730461121,,
sc_33_22,lama_dilated,10.463014450436097,55.12420654296875,0.7789978981018066,✔️,
sc_33_22,swin2sr,8.657743799674828,57.52557373046875,0.7286460995674133,,
sc_33_22,realesrgan,6.308065407358158,18.89178466796875,0.7049517631530762,✔️,
sc_33_22,aesrgan,6.264730102790082,42.25408935546875,0.7002192139625549,✔️,✔️
sc_33_23,lama_dilated,6.773369547223376,21.00018310546875,0.908036470413208,✔️,
sc_33_23,swin2sr,14.819154826410967,74.30780029296875,0.8714641332626343,,✔️
sc_33_23,realesrgan,5.375594463059573,6.56072998046875,0.8486559391021729,✔️,✔️
sc_33_23,aesrgan,5.402773809540725,4.92791748046875,0.8651599884033203,✔️,✔️
sc_33_24,lama_dilated,10.44233205751966,34.45623779296875,0.8968496322631836,,
sc_33_24,swin2sr,15.798629278425128,95.81365966796876,0.873729944229126,,
sc_33_24,realesrgan,9.4824004362637,34.52362060546875,0.9067459106445312,,
sc_33_24,aesrgan,9.093407833224346,25.18377685546875,0.910704493522644,✔️,✔️
sc_33_25,lama_dilated,4.756055129464374,33.02362060546875,0.8065935373306274,✔️,
sc_33_25,swin2sr,11.00872410289162,70.98455810546875,0.7216624021530151,,
sc_33_25,realesrgan,4.120978661526373,17.50701904296875,0.7318580150604248,✔️,✔️
sc_33_25,aesrgan,4.85361237468689,18.90545654296875,0.7361936569213867,,
sc_33_26,lama_dilated,10.426844627626425,22.31317138671875,0.9066964387893676,,
sc_33_26,swin2sr,19.20999558955229,105.31536865234376,0.8922539353370667,,✔️
sc_33_26,realesrgan,5.195715905583207,27.86541748046875,0.9047298431396484,✔️,
sc_33_26,aesrgan,6.912795657299812,16.65985107421875,0.9130213856697084,✔️,
sc_33_27,lama_dilated,10.014427324399511,52.66912841796875,0.8900061845779419,✔️,
sc_33_27,swin2sr,10.767257536008543,53.49627685546875,0.7474767565727234,,
sc_33_27,realesrgan,7.9070138174732625,12.62518310546875,0.8670586347579956,✔️,
sc_33_27,aesrgan,4.88393280183791,25.56951904296875,0.8507499694824219,✔️,✔️
sc_33_28,lama_dilated,5.094938665722212,29.22967529296875,0.8875241875648499,✔️,
sc_33_28,swin2sr,11.937502891161238,75.89471435546875,0.8327559232711792,,
sc_33_28,realesrgan,6.141311631566516,5.83807373046875,0.8326699733734131,✔️,
sc_33_28,aesrgan,8.227241534604621,19.93865966796875,0.83473801612854,,✔️
sc_33_29,lama_dilated,8.639535319049042,30.90350341796875,0.8764435052871704,✔️,
sc_33_29,swin2sr,14.337456667399133,80.08416748046875,0.912311315536499,✔️,
sc_33_29,realesrgan,9.832859192498464,19.28826904296875,0.9035659432411194,✔️,
sc_33_29,aesrgan,9.454503108380855,25.21893310546875,0.8991302251815796,,✔️
sc_33_30,lama_dilated,4.787691084624294,18.93084716796875,0.8884524703025818,✔️,
sc_33_30,swin2sr,9.364259387018526,66.37225341796875,0.8402360677719116,,
sc_33_30,realesrgan,3.4541960615253218,7.95037841796875,0.7559404373168945,✔️,
sc_33_30,aesrgan,4.517994184016695,12.27850341796875,0.7720468640327454,,✔️
sc_33_31,lama_dilated,9.765247261003564,21.50408935546875,0.9175323247909546,,
sc_33_31,swin2sr,9.915897666769371,56.43817138671875,0.8714655041694641,,✔️
sc_33_31,realesrgan,8.094672953743373,58.52947998046875,0.8989089727401733,,
sc_33_31,aesrgan,7.118872318161485,20.00067138671875,0.9231723546981812,✔️,
sc_33_32,lama_dilated,9.337893803230436,52.61053466796875,0.8028961420059204,✔️,
sc_33_32,swin2sr,8.05599134631736,47.74920654296875,0.6353639364242554,,✔️
sc_33_32,realesrgan,5.830232898521424,14.19940185546875,0.7399224638938904,✔️,
sc_33_32,aesrgan,5.504072850589995,14.97088623046875,0.7434636354446411,✔️,✔️
sc_33_33,lama_dilated,4.7711824948694765,14.06170654296875,0.8047149777412415,✔️,
sc_33_33,swin2sr,7.859758226605292,51.39373779296875,0.7564333081245422,,✔️
sc_33_33,realesrgan,5.237188271644498,29.06854248046875,0.7057763934135437,,✔️
sc_33_33,aesrgan,3.941943943113251,4.63885498046875,0.7202907800674438,✔️,✔️
sc_33_34,lama_dilated,12.161801198750648,18.71502685546875,0.9094831943511964,✔️,
sc_33_34,swin2sr,13.774250934514631,94.01483154296876,0.8841387629508972,,
sc_33_34,realesrgan,13.123856130158064,36.06756591796875,0.8826086521148682,,
sc_33_34,aesrgan,9.160127178031347,28.72772216796875,0.8921173810958862,✔️,✔️
sc_33_35,lama_dilated,4.832198490521072,10.31561279296875,0.7979444265365601,✔️,
sc_33_35,swin2sr,9.608074236608326,59.46209716796875,0.7279393672943115,,
sc_33_35,realesrgan,5.374624246794132,22.33514404296875,0.7239446640014648,,
sc_33_35,aesrgan,4.504544938273597,24.92596435546875,0.7372786998748779,✔️,✔️
sc_33_36,lama_dilated,13.368252834780373,20.76531982421875,0.910757541656494,,
sc_33_36,swin2sr,17.016541518829353,106.0203857421875,0.8793622255325317,,✔️
sc_33_36,realesrgan,9.032271064795813,42.43963623046875,0.9177031517028807,,
sc_33_36,aesrgan,6.43388255559363,18.05242919921875,0.9229602813720704,✔️,
sc_33_37,lama_dilated,8.3365746058876,48.44842529296875,0.8116345405578613,✔️,
sc_33_37,swin2sr,10.550759401473783,46.15643310546875,0.6924445629119873,,
sc_33_37,realesrgan,6.628949286596736,13.54022216796875,0.8005821704864502,,
sc_33_37,aesrgan,5.628406073840796,6.23065185546875,0.7928557395935059,✔️,✔️
sc_33_38,lama_dilated,6.35117823511506,27.57635498046875,0.8073179721832275,✔️,
sc_33_38,swin2sr,9.286673709321333,55.35467529296875,0.7565361857414246,,
sc_33_38,realesrgan,5.241926134979084,37.44256591796875,0.7915475368499756,,
sc_33_38,aesrgan,4.520498599293883,24.81561279296875,0.7913326621055603,✔️,✔️
sc_33_39,lama_dilated,11.617620659416833,10.86834716796875,0.8873836398124695,✔️,
sc_33_39,swin2sr,12.68407338684825,82.63592529296875,0.8698978424072266,,
sc_33_39,realesrgan,12.193295274953089,28.63104248046875,0.8479824066162109,,
sc_33_39,aesrgan,9.941683103681834,26.99627685546875,0.862748384475708,✔️,✔️
sc_33_40,lama_dilated,6.500131359972902,30.43670654296875,0.806577742099762,✔️,
sc_33_40,swin2sr,8.842602760249825,60.46307373046875,0.7373152375221252,,
sc_33_40,realesrgan,5.486019937505081,1.35565185546875,0.7667555809020996,✔️,
sc_33_40,aesrgan,3.748490609051313,17.17010498046875,0.7836478352546692,✔️,✔️
sc_h_1,lama_dilated,6.20102911534391,34.32830810546875,0.6489682793617249,✔️,
sc_h_1,realesrgan,6.511363491665256,24.62127685546875,0.643052339553833,,✔️
sc_h_1,aesrgan,2.785905028597444,-8.95587158203125,0.6336371302604675,✔️,✔️
sc_h_10,lama_dilated,5.937549167523905,25.05487060546875,0.8391227722167969,✔️,
sc_h_10,swin2sr,8.879515817833214,67.01776123046875,0.8295400142669678,,
sc_h_10,realesrgan,3.247376123447552,13.82928466796875,0.7956147193908691,✔️,
sc_h_10,aesrgan,4.096074732386461,6.30291748046875,0.7996349334716797,✔️,✔️
sc_h_11,lama_dilated,11.87974329784055,10.74334716796875,0.9206305742263794,✔️,
sc_h_11,swin2sr,12.604889990468976,96.56951904296876,0.902542233467102,,
sc_h_11,realesrgan,10.851704106849985,26.82537841796875,0.8053767085075378,,
sc_h_11,aesrgan,10.278320889267604,21.12518310546875,0.9010928869247437,✔️,✔️
sc_h_12,lama_dilated,8.955110178067198,30.90350341796875,0.7377485036849976,✔️,
sc_h_12,swin2sr,10.184844569199203,70.69354248046875,0.5128191709518433,,
sc_h_12,realesrgan,7.535060400191367,33.30389404296875,0.611035943031311,,
sc_h_12,aesrgan,5.6594387042963525,17.56268310546875,0.5756576061248779,✔️,✔️
sc_h_13,lama_dilated,8.050606516491701,18.03240966796875,0.8567488193511963,✔️,
sc_h_13,swin2sr,11.98169769100896,86.23651123046875,0.8585174083709717,,
sc_h_13,realesrgan,8.364145273388543,21.18182373046875,0.8787353038787842,,
sc_h_13,aesrgan,9.41037155653382,28.41424560546875,0.8868237137794495,✔️,✔️
sc_h_14,lama_dilated,7.539749835367923,36.75799560546875,0.8939652442932129,✔️,
sc_h_14,swin2sr,10.42578572430996,72.10467529296875,0.8564386367797852,,✔️
sc_h_14,realesrgan,6.145072573500283,41.76678466796875,0.8826099634170532,,
sc_h_14,aesrgan,4.432343986489435,-5.03887939453125,0.8782184720039368,✔️,
sc_h_15,lama_dilated,11.073903224073105,20.88885498046875,0.9448997974395752,✔️,
sc_h_15,swin2sr,10.430936735360577,78.68572998046875,0.9204808473587036,,
sc_h_15,realesrgan,9.003620517035365,31.43084716796875,0.9332743287086488,✔️,
sc_h_15,aesrgan,9.820698642284349,24.88494873046875,0.9347695112228394,,✔️
sc_h_16,lama_dilated,7.8213863636733185,41.50994873046875,0.760788083076477,,
sc_h_16,swin2sr,8.373950735237047,55.59295654296875,0.8280773758888245,✔️,
sc_h_16,realesrgan,4.133115743062509,15.33416748046875,0.638280987739563,,
sc_h_16,aesrgan,3.172588076027049,10.84197998046875,0.5691500902175903,✔️,✔️
sc_h_17,lama_dilated,8.23518669315131,25.58026123046875,0.9332414865493774,✔️,
sc_h_17,swin2sr,14.826803878196928,93.76580810546876,0.9284738302230836,,
sc_h_17,realesrgan,11.252250734656208,35.69549560546875,0.916075587272644,,
sc_h_17,aesrgan,11.96459917134562,32.97283935546875,0.9168552756309508,,✔️
sc_h_18,lama_dilated,7.289946900723947,15.14764404296875,0.8962168097496033,✔️,
sc_h_18,swin2sr,9.945848154026194,89.88201904296875,0.881793200969696,,
sc_h_18,realesrgan,8.543635143883101,24.51678466796875,0.8812682628631592,,
sc_h_18,aesrgan,7.797528112020132,27.69451904296875,0.9001814126968384,✔️,✔️
sc_h_19,lama_dilated,10.667163429414035,36.71405029296875,0.8881787657737732,,
sc_h_19,swin2sr,14.885070844948125,80.68377685546875,0.891109824180603,,
sc_h_19,realesrgan,7.494244248393529,21.92108154296875,0.9182372093200684,✔️,
sc_h_19,aesrgan,7.582699790362838,15.52557373046875,0.9091851711273192,✔️,✔️
sc_h_20,lama_dilated,5.7948107785637255,33.04608154296875,0.8991102576255798,✔️,
sc_h_20,swin2sr,8.425902433989632,64.59686279296875,0.8477553725242615,,✔️
sc_h_20,realesrgan,4.435904375595126,26.17010498046875,0.862855076789856,,
sc_h_20,aesrgan,3.163960258984476,3.71600341796875,0.8705440759658813,✔️,
sc_h_21,lama_dilated,5.859101993983165,20.07244873046875,0.9009170532226562,✔️,
sc_h_21,swin2sr,9.41352020669636,68.16033935546875,0.8717544078826904,,
sc_h_21,realesrgan,5.314541588576256,40.02655029296875,0.8706260919570923,,
sc_h_21,aesrgan,3.185043618356119,14.41912841796875,0.8563554286956787,✔️,✔️
sc_h_22,lama_dilated,12.25020315539578,18.98651123046875,0.8823634386062622,✔️,
sc_h_22,swin2sr,9.703602507306812,56.49090576171875,0.7547770142555237,,✔️
sc_h_22,realesrgan,7.118137797074504,57.75115966796875,0.8906856179237366,✔️,
sc_h_22,aesrgan,6.5988283499844265,24.77362060546875,0.8044977188110352,✔️,
sc_h_23,lama_dilated,8.370345876538492,38.63787841796875,0.8471362590789795,,
sc_h_23,swin2sr,10.246947773897489,56.59100341796875,0.7991886138916016,,
sc_h_23,realesrgan,7.926670680182664,23.55975341796875,0.8343613147735596,,
sc_h_23,aesrgan,6.977876021019066,12.32733154296875,0.851250946521759,✔️,✔️
sc_h_24,lama_dilated,8.497492980541665,20.42108154296875,0.9285866618156432,,
sc_h_24,swin2sr,9.554121854503563,72.35955810546875,0.8983996510505676,,
sc_h_24,realesrgan,4.380686795044026,26.71893310546875,0.9223435521125792,✔️,
sc_h_24,aesrgan,6.0681700927408695,11.60467529296875,0.9297666549682616,✔️,✔️
sc_h_25,lama_dilated,5.151316209796645,30.01971435546875,0.788689374923706,,
sc_h_25,swin2sr,8.761646970529592,57.21112060546875,0.6726877689361572,,
sc_h_25,realesrgan,4.869866838881969,3.00311279296875,0.8046108484268188,,
sc_h_25,aesrgan,4.531745090190401,0.20037841796875,0.8307313919067383,✔️,✔️
sc_h_26,lama_dilated,12.3421603304298,31.50408935546875,0.8651701807975769,✔️,
sc_h_26,swin2sr,9.321673565849563,62.88397216796875,0.7129677534103394,,
sc_h_26,realesrgan,5.055696905288822,11.91326904296875,0.7666932344436646,✔️,
sc_h_26,aesrgan,3.327441777818726,12.00506591796875,0.7522191405296326,✔️,✔️
sc_h_27,lama_dilated,5.898058586725497,34.39178466796875,0.9077916145324708,✔️,
sc_h_27,swin2sr,10.288537579804885,69.16815185546875,0.8070163726806641,,
sc_h_27,realesrgan,4.484545416593464,5.82342529296875,0.7722780704498291,,
sc_h_27,aesrgan,3.801889429915074,4.01678466796875,0.848259687423706,✔️,✔️
sc_h_28,lama_dilated,9.7770312910976,30.15350341796875,0.8764296770095825,,
sc_h_28,swin2sr,16.85811964096971,89.97479248046875,0.8967694640159607,✔️,
sc_h_28,realesrgan,12.353431691759218,9.30975341796875,0.8857929706573486,✔️,
sc_h_28,aesrgan,8.0120407958376,14.59588623046875,0.890886127948761,✔️,✔️
sc_h_29,lama_dilated,8.713460191748226,23.75799560546875,0.7685538530349731,,
sc_h_29,swin2sr,15.334723207724748,77.65447998046875,0.7574822902679443,,
sc_h_29,realesrgan,8.437285185975618,12.77557373046875,0.7951687574386597,✔️,
sc_h_29,aesrgan,8.453438222853205,12.55975341796875,0.8075861930847168,✔️,✔️
sc_h_3,lama_dilated,4.618073197555846,26.11151123046875,0.3888731002807617,✔️,
sc_h_3,swin2sr,9.191271779683388,56.58026123046875,0.3680261075496673,,
sc_h_3,realesrgan,6.239690360106724,15.11444091796875,0.2195367068052292,,
sc_h_3,aesrgan,4.213863852306251,-5.15899658203125,0.2425121665000915,✔️,✔️
sc_h_30,lama_dilated,7.500958414677422,31.80584716796875,0.8961562514305115,✔️,
sc_h_30,swin2sr,10.937619474117543,73.29803466796875,0.8883911967277527,,
sc_h_30,realesrgan,5.06326214311401,14.64373779296875,0.8914813995361328,✔️,
sc_h_30,aesrgan,3.8978443876082585,17.91717529296875,0.8935569524765015,✔️,✔️
sc_h_31,lama_dilated,10.073672571125403,38.48651123046875,0.9230871200561525,✔️,
sc_h_31,swin2sr,14.057924064184444,90.84881591796876,0.9066541194915771,,
sc_h_31,realesrgan,11.538375784507425,31.63787841796875,0.9130278825759888,,
sc_h_31,aesrgan,6.076324499825539,15.01971435546875,0.892507791519165,✔️,✔️
sc_h_32,lama_dilated,6.216038653935047,22.76287841796875,0.872559130191803,✔️,
sc_h_32,swin2sr,9.031144802515316,55.47967529296875,0.8455570936203003,,
sc_h_32,realesrgan,3.400953433477003,0.50311279296875,0.8377336859703064,✔️,
sc_h_32,aesrgan,3.825377326517284,11.63983154296875,0.8542501330375671,,✔️
sc_h_33,lama_dilated,9.096259709048187,33.30682373046875,0.9046639204025269,✔️,
sc_h_33,swin2sr,17.618223017586676,90.63983154296876,0.9008686542510986,,
sc_h_33,realesrgan,13.169947594966786,31.77166748046875,0.9169594049453736,,
sc_h_33,aesrgan,13.16550758115426,29.65350341796875,0.9260947108268738,✔️,✔️
sc_h_34,lama_dilated,9.511908118071773,27.91815185546875,0.8576444387435913,✔️,
sc_h_34,swin2sr,19.302249810893407,89.00897216796875,0.8055402636528015,,
sc_h_34,realesrgan,12.8748915591016,24.42303466796875,0.8426840305328369,✔️,
sc_h_34,aesrgan,10.530762068818678,28.86053466796875,0.860576868057251,✔️,✔️
sc_h_35,lama_dilated,5.823646264310619,15.36932373046875,0.9115043878555298,✔️,
sc_h_35,swin2sr,9.645616704966228,68.14959716796875,0.8785679340362549,,
sc_h_35,realesrgan,5.740395559608143,40.47186279296875,0.9025168418884276,✔️,
sc_h_35,aesrgan,7.615097556297204,25.74530029296875,0.8914802074432373,,✔️
sc_h_36,lama_dilated,7.298947865078169,13.31365966796875,0.8478363752365112,✔️,
sc_h_36,swin2sr,8.971806355234852,49.01385498046875,0.7644405364990234,,
sc_h_36,realesrgan,7.287876160713772,7.19744873046875,0.8123664259910583,✔️,
sc_h_36,aesrgan,5.461010531127729,10.83709716796875,0.8098009824752808,✔️,✔️
sc_h_37,lama_dilated,5.076161227328252,12.06561279296875,0.8945819139480591,✔️,
sc_h_37,swin2sr,8.396581554055363,59.42889404296875,0.8472388982772827,,
sc_h_37,realesrgan,4.231387788792497,7.29412841796875,0.8691719770431519,,
sc_h_37,aesrgan,3.644549784342242,2.58221435546875,0.8887330889701843,✔️,✔️
sc_h_38,lama_dilated,10.303194762498627,19.87908935546875,0.9026793241500854,✔️,
sc_h_38,swin2sr,16.725950424097075,87.22967529296875,0.8807814121246338,,
sc_h_38,realesrgan,10.269652638043802,15.10369873046875,0.8927829265594482,✔️,
sc_h_38,aesrgan,11.613163535737405,9.79217529296875,0.8897126913070679,✔️,✔️
sc_h_39,lama_dilated,6.975792787470766,12.71697998046875,0.889046311378479,✔️,
sc_h_39,swin2sr,17.89866151177856,76.40740966796875,0.8551414012908936,,
sc_h_39,realesrgan,12.039207209895643,16.33319091796875,0.900387704372406,,
sc_h_39,aesrgan,12.647369288647331,9.74041748046875,0.9004014730453491,✔️,✔️
sc_h_40,lama_dilated,5.8517853953156544,22.73065185546875,0.9210819005966188,✔️,
sc_h_40,swin2sr,9.43879345594966,66.71942138671875,0.8739867210388184,,
sc_h_40,realesrgan,6.506663509182432,31.27459716796875,0.8869376182556152,,
sc_h_40,aesrgan,3.7058714621862463,23.56463623046875,0.9003125429153442,✔️,✔️
sc_h_41,lama_dilated,9.732526331873574,14.44549560546875,0.9286215305328368,✔️,
sc_h_41,swin2sr,8.809803563580763,76.14959716796875,0.8929280042648315,✔️,
sc_h_41,realesrgan,11.1972260389067,29.42694091796875,0.928991198539734,✔️,
sc_h_41,aesrgan,10.07759635787013,26.92596435546875,0.9284764528274536,,✔️
sc_h_42,lama_dilated,6.052170139995755,16.41131591796875,0.8271980285644531,,
sc_h_42,swin2sr,9.483737560273196,49.62811279296875,0.8168567419052124,,
sc_h_42,realesrgan,3.930571189526042,11.52459716796875,0.8491741418838501,,
sc_h_42,aesrgan,3.688601960459496,6.90643310546875,0.8517451882362366,✔️,✔️
sc_h_43,lama_dilated,11.28356605427833,17.65838623046875,0.907581865787506,✔️,
sc_h_43,swin2sr,16.715044801785215,95.09002685546876,0.8735182285308838,,
sc_h_43,realesrgan,14.37603515065583,36.47479248046875,0.9008102416992188,,
sc_h_43,aesrgan,12.975951411602283,34.65252685546875,0.9117393493652344,✔️,✔️
sc_h_44,lama_dilated,7.543635662294677,13.38592529296875,0.9126243591308594,✔️,
sc_h_44,swin2sr,17.732387865573862,91.79803466796876,0.8663455247879028,,
sc_h_44,realesrgan,14.756275765425563,24.02069091796875,0.896649181842804,,
sc_h_44,aesrgan,13.624004787422717,26.60955810546875,0.900615394115448,,✔️
