stem,method,region_h,region_w,niqe,brisque
sc_33_1,lama_dilated,412,298,5.893139362681383,-5.04083251953125
sc_33_1,realesrgan,1530,1071,6.284313444998936,24.94744873046875
sc_33_1,aesrgan,1530,1071,4.1083764440868675,-11.74688720703125
sc_33_11,lama_dilated,112,96,10.522218410810398,17.36444091796875
sc_33_11,swin2sr,343,224,13.95614032815092,106.46783447265625
sc_33_11,realesrgan,328,214,4.617147558529609,22.77947998046875
sc_33_11,aesrgan,328,214,6.485734111960818,15.00506591796875
sc_33_12,lama_dilated,117,96,8.399760718961485,16.01043701171875
sc_33_12,swin2sr,364,225,12.1271163997731,65.86199951171875
sc_33_12,realesrgan,348,216,4.5651438412617225,17.60174560546875
sc_33_12,aesrgan,348,216,8.012454128268068,6.76092529296875
sc_33_13,lama_dilated,118,96,6.981310551765733,49.85858154296875
sc_33_13,swin2sr,368,207,9.006137310931864,39.43670654296875
sc_33_13,realesrgan,352,198,9.883554748926697,16.70819091796875
sc_33_13,aesrgan,352,198,7.4066627784128425,-1.58282470703125
sc_33_14,lama_dilated,123,96,5.21952102153655,20.40740966796875
sc_33_14,swin2sr,391,236,7.585460551800716,33.32928466796875
sc_33_14,realesrgan,374,227,8.67723402960112,16.99920654296875
sc_33_14,aesrgan,374,227,6.228484228994383,5.02947998046875
sc_33_15,lama_dilated,121,108,6.684796784248552,14.96697998046875
sc_33_15,swin2sr,382,324,12.297013090907527,54.49627685546875
sc_33_15,realesrgan,367,311,7.796640110093639,16.68280029296875
sc_33_15,aesrgan,367,311,8.516481878700034,-6.46466064453125
sc_33_16,lama_dilated,120,96,13.408182151934277,7.65643310546875
sc_33_16,swin2sr,376,219,15.831452509427569,78.49530029296875
sc_33_16,realesrgan,360,210,14.26867956327902,30.20916748046875
sc_33_16,aesrgan,360,210,15.19368241609113,20.68280029296875
sc_33_17,lama_dilated,128,96,12.45483359433236,24.87420654296875
sc_33_17,swin2sr,409,223,16.57106942160353,79.65643310546875
sc_33_17,realesrgan,393,214,10.191492686598552,27.92401123046875
sc_33_17,aesrgan,393,214,11.774259913645478,14.21307373046875
sc_33_18,lama_dilated,125,126,9.770566356098508,5.01873779296875
sc_33_18,swin2sr,396,413,11.590333360991051,49.56658935546875
sc_33_18,realesrgan,380,397,10.487593955178692,8.99822998046875
sc_33_18,aesrgan,380,397,12.780291150276447,-2.06036376953125
sc_33_19,lama_dilated,162,122,10.538398912412449,8.49530029296875
sc_33_19,swin2sr,556,383,9.852436485377256,44.69354248046875
sc_33_19,realesrgan,534,367,8.023069569201798,13.09490966796875
sc_33_19,aesrgan,534,367,7.742758059914447,-9.14923095703125
sc_33_20,lama_dilated,123,96,12.373572688938754,16.01580810546875
sc_33_20,swin2sr,387,243,14.918292216715175,73.16229248046875
sc_33_20,realesrgan,371,234,14.620967033074253,19.82440185546875
sc_33_20,aesrgan,371,234,10.67327443150758,2.07244873046875
sc_33_21,lama_dilated,123,109,8.213320586044878,19.28533935546875
sc_33_21,swin2sr,389,329,11.296870813604157,48.84393310546875
sc_33_21,realesrgan,372,317,4.840103305281357,45.07147216796875
sc_33_21,aesrgan,372,317,7.65593664517546,23.70526123046875
sc_33_22,lama_dilated,110,96,10.463014450436097,55.12420654296875
sc_33_22,swin2sr,377,229,8.657743799674828,57.52557373046875
sc_33_22,realesrgan,361,222,6.308065407358158,18.89178466796875
sc_33_22,aesrgan,361,222,6.264730102790082,42.25408935546875
sc_33_23,lama_dilated,116,119,6.773369547223376,21.00018310546875
sc_33_23,swin2sr,361,370,14.819154826410967,74.30780029296875
sc_33_23,realesrgan,347,356,5.375594463059573,6.56072998046875
sc_33_23,aesrgan,347,356,5.402773809540725,4.92791748046875
sc_33_24,lama_dilated,126,96,10.44233205751966,34.45623779296875
sc_33_24,swin2sr,402,269,15.798629278425127,95.81365966796875
sc_33_24,realesrgan,384,259,9.4824004362637,34.52362060546875
sc_33_24,aesrgan,384,259,9.093407833224346,25.18377685546875
sc_33_25,lama_dilated,116,96,4.756055129464374,33.02362060546875
sc_33_25,swin2sr,359,234,11.00872410289162,70.98455810546875
sc_33_25,realesrgan,344,226,4.120978661526373,17.50701904296875
sc_33_25,aesrgan,344,226,4.85361237468689,18.90545654296875
sc_33_26,lama_dilated,132,96,10.426844627626425,22.31317138671875
sc_33_26,swin2sr,425,267,19.20999558955229,105.31536865234375
sc_33_26,realesrgan,409,259,5.1957159055832065,27.86541748046875
sc_33_26,aesrgan,409,259,6.912795657299812,16.65985107421875
sc_33_27,lama_dilated,125,96,10.014427324399511,52.66912841796875
sc_33_27,swin2sr,432,260,10.767257536008543,53.49627685546875
sc_33_27,realesrgan,413,251,7.9070138174732625,12.62518310546875
sc_33_27,aesrgan,413,251,4.88393280183791,25.56951904296875
sc_33_28,lama_dilated,129,96,5.0949386657222115,29.22967529296875
sc_33_28,swin2sr,413,251,11.937502891161238,75.89471435546875
sc_33_28,realesrgan,397,243,6.141311631566516,5.83807373046875
sc_33_28,aesrgan,397,243,8.227241534604621,19.93865966796875
sc_33_29,lama_dilated,126,96,8.639535319049042,30.90350341796875
sc_33_29,swin2sr,409,272,14.337456667399131,80.08416748046875
sc_33_29,realesrgan,392,263,9.832859192498464,19.28826904296875
sc_33_29,aesrgan,392,263,9.454503108380857,25.21893310546875
sc_33_30,lama_dilated,123,96,4.787691084624294,18.93084716796875
sc_33_30,swin2sr,386,259,9.364259387018526,66.37225341796875
sc_33_30,realesrgan,372,251,3.4541960615253218,7.95037841796875
sc_33_30,aesrgan,372,251,4.517994184016695,12.27850341796875
sc_33_31,lama_dilated,116,107,9.765247261003564,21.50408935546875
sc_33_31,swin2sr,359,320,9.915897666769371,56.43817138671875
sc_33_31,realesrgan,343,308,8.094672953743373,58.52947998046875
sc_33_31,aesrgan,343,308,7.118872318161485,20.00067138671875
sc_33_32,lama_dilated,115,96,9.337893803230436,52.61053466796875
sc_33_32,swin2sr,356,215,8.05599134631736,47.74920654296875
sc_33_32,realesrgan,340,208,5.830232898521424,14.19940185546875
sc_33_32,aesrgan,340,208,5.504072850589995,14.97088623046875
sc_33_33,lama_dilated,108,118,4.7711824948694765,14.06170654296875
sc_33_33,swin2sr,326,369,7.859758226605292,51.39373779296875
sc_33_33,realesrgan,312,355,5.237188271644498,29.06854248046875
sc_33_33,aesrgan,312,355,3.941943943113251,4.63885498046875
sc_33_34,lama_dilated,118,96,12.161801198750647,18.71502685546875
sc_33_34,swin2sr,370,265,13.774250934514631,94.01483154296875
sc_33_34,realesrgan,352,255,13.123856130158064,36.06756591796875
sc_33_34,aesrgan,352,255,9.160127178031349,28.72772216796875
sc_33_35,lama_dilated,111,96,4.832198490521072,10.31561279296875
sc_33_35,swin2sr,338,217,9.608074236608326,59.46209716796875
sc_33_35,realesrgan,323,210,5.374624246794132,22.33514404296875
sc_33_35,aesrgan,323,210,4.504544938273597,24.92596435546875
sc_33_36,lama_dilated,120,96,13.368252834780373,20.76531982421875
sc_33_36,swin2sr,384,256,17.016541518829353,106.0203857421875
sc_33_36,realesrgan,368,246,9.032271064795813,42.43963623046875
sc_33_36,aesrgan,368,246,6.43388255559363,18.05242919921875
sc_33_37,lama_dilated,115,96,8.3365746058876,48.44842529296875
sc_33_37,swin2sr,394,252,10.550759401473783,46.15643310546875
sc_33_37,realesrgan,376,243,6.628949286596736,13.54022216796875
sc_33_37,aesrgan,376,243,5.628406073840796,6.23065185546875
sc_33_38,lama_dilated,109,96,6.35117823511506,27.57635498046875
sc_33_38,swin2sr,368,248,9.286673709321331,55.35467529296875
sc_33_38,realesrgan,352,239,5.241926134979084,37.44256591796875
sc_33_38,aesrgan,352,239,4.520498599293883,24.81561279296875
sc_33_39,lama_dilated,121,96,11.617620659416833,10.86834716796875
sc_33_39,swin2sr,389,264,12.68407338684825,82.63592529296875
sc_33_39,realesrgan,373,254,12.193295274953089,28.63104248046875
sc_33_39,aesrgan,373,254,9.941683103681834,26.99627685546875
sc_33_40,lama_dilated,109,96,6.500131359972902,30.43670654296875
sc_33_40,swin2sr,350,243,8.842602760249825,60.46307373046875
sc_33_40,realesrgan,335,235,5.486019937505081,1.35565185546875
sc_33_40,aesrgan,335,235,3.7484906090513133,17.17010498046875
sc_h_1,lama_dilated,599,404,6.20102911534391,34.32830810546875
sc_h_1,realesrgan,2276,1496,6.511363491665256,24.62127685546875
sc_h_1,aesrgan,2276,1496,2.7859050285974436,-8.95587158203125
sc_h_10,lama_dilated,178,108,5.937549167523905,25.05487060546875
sc_h_10,swin2sr,608,323,8.879515817833214,67.01776123046875
sc_h_10,realesrgan,592,314,3.2473761234475518,13.82928466796875
sc_h_10,aesrgan,592,314,4.096074732386461,6.30291748046875
sc_h_11,lama_dilated,180,115,11.87974329784055,10.74334716796875
sc_h_11,swin2sr,617,347,12.604889990468976,96.56951904296875
sc_h_11,realesrgan,601,339,10.851704106849985,26.82537841796875
sc_h_11,aesrgan,601,339,10.278320889267603,21.12518310546875
sc_h_12,lama_dilated,226,191,8.955110178067198,30.90350341796875
sc_h_12,swin2sr,808,658,10.184844569199205,70.69354248046875
sc_h_12,realesrgan,785,643,7.535060400191367,33.30389404296875
sc_h_12,aesrgan,785,643,5.6594387042963525,17.56268310546875
sc_h_13,lama_dilated,174,111,8.050606516491701,18.03240966796875
sc_h_13,swin2sr,591,332,11.98169769100896,86.23651123046875
sc_h_13,realesrgan,576,324,8.364145273388543,21.18182373046875
sc_h_13,aesrgan,576,324,9.410371556533821,28.41424560546875
sc_h_14,lama_dilated,173,112,7.539749835367923,36.75799560546875
sc_h_14,swin2sr,589,333,10.425785724309959,72.10467529296875
sc_h_14,realesrgan,574,326,6.145072573500283,41.76678466796875
sc_h_14,aesrgan,574,326,4.432343986489435,-5.03887939453125
sc_h_15,lama_dilated,188,114,11.073903224073103,20.88885498046875
sc_h_15,swin2sr,648,344,10.430936735360575,78.68572998046875
sc_h_15,realesrgan,632,336,9.003620517035365,31.43084716796875
sc_h_15,aesrgan,632,336,9.820698642284349,24.88494873046875
sc_h_16,lama_dilated,190,115,7.8213863636733185,41.50994873046875
sc_h_16,swin2sr,656,349,8.373950735237047,55.59295654296875
sc_h_16,realesrgan,640,340,4.133115743062509,15.33416748046875
sc_h_16,aesrgan,640,340,3.172588076027049,10.84197998046875
sc_h_17,lama_dilated,180,122,8.23518669315131,25.58026123046875
sc_h_17,swin2sr,616,377,14.826803878196928,93.76580810546875
sc_h_17,realesrgan,600,368,11.252250734656208,35.69549560546875
sc_h_17,aesrgan,600,368,11.96459917134562,32.97283935546875
sc_h_18,lama_dilated,176,113,7.289946900723947,15.14764404296875
sc_h_18,swin2sr,596,339,9.945848154026194,89.88201904296875
sc_h_18,realesrgan,583,331,8.543635143883101,24.51678466796875
sc_h_18,aesrgan,583,331,7.7975281120201325,27.69451904296875
sc_h_19,lama_dilated,120,96,10.667163429414035,36.71405029296875
sc_h_19,swin2sr,376,275,14.885070844948123,80.68377685546875
sc_h_19,realesrgan,360,265,7.494244248393529,21.92108154296875
sc_h_19,aesrgan,360,265,7.582699790362838,15.52557373046875
sc_h_20,lama_dilated,158,115,5.7948107785637255,33.04608154296875
sc_h_20,swin2sr,525,349,8.425902433989632,64.59686279296875
sc_h_20,realesrgan,511,340,4.435904375595126,26.17010498046875
sc_h_20,aesrgan,511,340,3.163960258984476,3.71600341796875
sc_h_21,lama_dilated,168,117,5.859101993983165,20.07244873046875
sc_h_21,swin2sr,567,357,9.413520206696361,68.16033935546875
sc_h_21,realesrgan,552,348,5.314541588576256,40.02655029296875
sc_h_21,aesrgan,552,348,3.185043618356119,14.41912841796875
sc_h_22,lama_dilated,155,135,12.250203155395779,18.98651123046875
sc_h_22,swin2sr,517,430,9.703602507306812,56.49090576171875
sc_h_22,realesrgan,500,418,7.118137797074504,57.75115966796875
sc_h_22,aesrgan,500,418,6.5988283499844265,24.77362060546875
sc_h_23,lama_dilated,153,102,8.370345876538492,38.63787841796875
sc_h_23,swin2sr,508,294,10.246947773897487,56.59100341796875
sc_h_23,realesrgan,492,286,7.9266706801826645,23.55975341796875
sc_h_23,aesrgan,492,286,6.977876021019066,12.32733154296875
sc_h_24,lama_dilated,173,127,8.497492980541665,20.42108154296875
sc_h_24,swin2sr,589,397,9.554121854503563,72.35955810546875
sc_h_24,realesrgan,572,387,4.380686795044026,26.71893310546875
sc_h_24,aesrgan,572,387,6.0681700927408695,11.60467529296875
sc_h_25,lama_dilated,174,121,5.151316209796645,30.01971435546875
sc_h_25,swin2sr,591,372,8.761646970529592,57.21112060546875
sc_h_25,realesrgan,576,362,4.869866838881969,3.00311279296875
sc_h_25,aesrgan,576,362,4.531745090190401,0.20037841796875
sc_h_26,lama_dilated,120,96,12.342160330429799,31.50408935546875
sc_h_26,swin2sr,376,266,9.321673565849565,62.88397216796875
sc_h_26,realesrgan,360,256,5.055696905288822,11.91326904296875
sc_h_26,aesrgan,360,256,3.327441777818726,12.00506591796875
sc_h_27,lama_dilated,121,96,5.898058586725497,34.39178466796875
sc_h_27,swin2sr,380,236,10.288537579804885,69.16815185546875
sc_h_27,realesrgan,364,227,4.484545416593464,5.82342529296875
sc_h_27,aesrgan,364,227,3.801889429915074,4.01678466796875
sc_h_28,lama_dilated,121,96,9.7770312910976,30.15350341796875
sc_h_28,swin2sr,379,237,16.85811964096971,89.97479248046875
sc_h_28,realesrgan,363,229,12.353431691759218,9.30975341796875
sc_h_28,aesrgan,363,229,8.0120407958376,14.59588623046875
sc_h_29,lama_dilated,120,96,8.713460191748226,23.75799560546875
sc_h_29,swin2sr,375,223,15.334723207724748,77.65447998046875
sc_h_29,realesrgan,360,215,8.437285185975618,12.77557373046875
sc_h_29,aesrgan,360,215,8.453438222853205,12.55975341796875
sc_h_3,lama_dilated,177,120,4.618073197555846,26.11151123046875
sc_h_3,swin2sr,605,368,9.191271779683388,56.58026123046875
sc_h_3,realesrgan,589,360,6.239690360106724,15.11444091796875
sc_h_3,aesrgan,589,360,4.213863852306251,-5.15899658203125
sc_h_30,lama_dilated,120,96,7.500958414677422,31.80584716796875
sc_h_30,swin2sr,373,238,10.937619474117543,73.29803466796875
sc_h_30,realesrgan,359,230,5.06326214311401,14.64373779296875
sc_h_30,aesrgan,359,230,3.8978443876082585,17.91717529296875
sc_h_31,lama_dilated,124,96,10.073672571125403,38.48651123046875
sc_h_31,swin2sr,401,247,14.057924064184444,90.84881591796875
sc_h_31,realesrgan,384,238,11.538375784507425,31.63787841796875
sc_h_31,aesrgan,384,238,6.076324499825539,15.01971435546875
sc_h_32,lama_dilated,128,96,6.216038653935047,22.76287841796875
sc_h_32,swin2sr,409,238,9.031144802515316,55.47967529296875
sc_h_32,realesrgan,392,230,3.400953433477003,0.50311279296875
sc_h_32,aesrgan,392,230,3.8253773265172835,11.63983154296875
sc_h_33,lama_dilated,117,96,9.096259709048187,33.30682373046875
sc_h_33,swin2sr,375,263,17.618223017586676,90.63983154296875
sc_h_33,realesrgan,360,254,13.169947594966786,31.77166748046875
sc_h_33,aesrgan,360,254,13.16550758115426,29.65350341796875
sc_h_34,lama_dilated,118,96,9.511908118071771,27.91815185546875
sc_h_34,swin2sr,365,232,19.302249810893407,89.00897216796875
sc_h_34,realesrgan,351,224,12.874891559101599,24.42303466796875
sc_h_34,aesrgan,351,224,10.530762068818678,28.86053466796875
sc_h_35,lama_dilated,125,101,5.823646264310619,15.36932373046875
sc_h_35,swin2sr,394,295,9.645616704966228,68.14959716796875
sc_h_35,realesrgan,379,285,5.740395559608143,40.47186279296875
sc_h_35,aesrgan,379,285,7.615097556297204,25.74530029296875
sc_h_36,lama_dilated,129,96,7.298947865078169,13.31365966796875
sc_h_36,swin2sr,412,268,8.971806355234852,49.01385498046875
sc_h_36,realesrgan,396,258,7.287876160713772,7.19744873046875
sc_h_36,aesrgan,396,258,5.461010531127729,10.83709716796875
sc_h_37,lama_dilated,129,96,5.076161227328252,12.06561279296875
sc_h_37,swin2sr,413,249,8.396581554055363,59.42889404296875
sc_h_37,realesrgan,397,240,4.231387788792497,7.29412841796875
sc_h_37,aesrgan,397,240,3.644549784342242,2.58221435546875
sc_h_38,lama_dilated,125,96,10.303194762498627,19.87908935546875
sc_h_38,swin2sr,405,254,16.725950424097075,87.22967529296875
sc_h_38,realesrgan,388,246,10.269652638043802,15.10369873046875
sc_h_38,aesrgan,388,246,11.613163535737405,9.79217529296875
sc_h_39,lama_dilated,125,96,6.975792787470766,12.71697998046875
sc_h_39,swin2sr,395,246,17.89866151177856,76.40740966796875
sc_h_39,realesrgan,379,238,12.039207209895643,16.33319091796875
sc_h_39,aesrgan,379,238,12.647369288647333,9.74041748046875
sc_h_40,lama_dilated,123,96,5.8517853953156544,22.73065185546875
sc_h_40,swin2sr,387,259,9.43879345594966,66.71942138671875
sc_h_40,realesrgan,372,250,6.506663509182432,31.27459716796875
sc_h_40,aesrgan,372,250,3.7058714621862463,23.56463623046875
sc_h_41,lama_dilated,134,96,9.732526331873574,14.44549560546875
sc_h_41,swin2sr,433,263,8.809803563580763,76.14959716796875
sc_h_41,realesrgan,417,254,11.197226038906699,29.42694091796875
sc_h_41,aesrgan,417,254,10.07759635787013,26.92596435546875
sc_h_42,lama_dilated,130,96,6.052170139995755,16.41131591796875
sc_h_42,swin2sr,415,264,9.483737560273196,49.62811279296875
sc_h_42,realesrgan,400,254,3.930571189526042,11.52459716796875
sc_h_42,aesrgan,400,254,3.688601960459496,6.90643310546875
sc_h_43,lama_dilated,128,97,11.28356605427833,17.65838623046875
sc_h_43,swin2sr,407,279,16.715044801785215,95.09002685546875
sc_h_43,realesrgan,392,270,14.37603515065583,36.47479248046875
sc_h_43,aesrgan,392,270,12.975951411602285,34.65252685546875
sc_h_44,lama_dilated,123,96,7.543635662294677,13.38592529296875
sc_h_44,swin2sr,385,254,17.732387865573862,91.79803466796875
sc_h_44,realesrgan,371,246,14.756275765425563,24.02069091796875
sc_h_44,aesrgan,371,246,13.624004787422715,26.60955810546875
