image,sr_method,input_niqe,sr_niqe,niqe_improvement,input_brisque,sr_brisque,brisque_improvement,input_remove,sr_remove,remove_improvement,niqe_result,brisque_result,remove_result
sc_33_1,realesrgan,5.893139362681383,6.284313444998936,-0.39117408231755313,-5.04083251953125,24.94744873046875,-29.98828125,0.7159628868103027,0.7211323976516724,0.005169510841369629,Worsened,Worsened,Improved
sc_33_11,realesrgan,10.522218410810398,4.617147558529609,5.905070852280788,17.36444091796875,22.77947998046875,-5.4150390625,0.9022783041000366,0.857668399810791,-0.044609904289245605,Improved,Worsened,Worsened
sc_33_12,realesrgan,8.399760718961485,4.5651438412617225,3.8346168776997622,16.01043701171875,17.60174560546875,-1.59130859375,0.9031728506088256,0.9039086103439332,0.0007357597351076439,Improved,Worsened,Improved
sc_33_13,realesrgan,6.981310551765733,9.883554748926697,-2.9022441971609636,49.85858154296875,16.70819091796875,33.150390625,0.7773683071136475,0.7019359469413757,-0.07543236017227173,Worsened,Improved,Worsened
sc_33_14,realesrgan,5.21952102153655,8.67723402960112,-3.4577130080645704,20.40740966796875,16.99920654296875,3.408203125,0.8567471504211426,0.849947452545166,-0.0067996978759765625,Worsened,Improved,Worsened
sc_33_15,realesrgan,6.684796784248552,7.796640110093639,-1.1118433258450873,14.96697998046875,16.68280029296875,-1.7158203125,0.5931088924407959,0.5519232749938965,-0.041185617446899414,Worsened,Worsened,Worsened
sc_33_16,realesrgan,13.408182151934277,14.26867956327902,-0.8604974113447437,7.65643310546875,30.20916748046875,-22.552734375,0.9085381627082824,0.8773219585418701,-0.031216204166412242,Worsened,Worsened,Worsened
sc_33_17,realesrgan,12.45483359433236,10.191492686598552,2.2633409077338076,24.87420654296875,27.92401123046875,-3.0498046875,0.8319579362869263,0.8209171295166016,-0.011040806770324707,Improved,Worsened,Worsened
sc_33_18,realesrgan,9.770566356098508,10.487593955178692,-0.7170275990801844,5.01873779296875,8.99822998046875,-3.9794921875,0.907670557498932,0.8678491115570068,-0.03982144594192516,Worsened,Worsened,Worsened
sc_33_19,realesrgan,10.538398912412449,8.023069569201798,2.5153293432106505,8.49530029296875,13.09490966796875,-4.599609375,0.8078644275665283,0.7640994787216187,-0.04376494884490967,Improved,Worsened,Worsened
sc_33_20,realesrgan,12.373572688938754,14.620967033074251,-2.247394344135497,16.01580810546875,19.82440185546875,-3.80859375,0.7899163961410522,0.8216643333435059,0.03174793720245361,Worsened,Worsened,Improved
sc_33_21,realesrgan,8.213320586044878,4.840103305281357,3.3732172807635212,19.28533935546875,45.07147216796875,-25.7861328125,0.8793891072273254,0.8874816298484802,0.008092522621154785,Improved,Worsened,Improved
sc_33_22,realesrgan,10.463014450436097,6.308065407358158,4.154949043077939,55.12420654296875,18.89178466796875,36.232421875,0.7789978981018066,0.7049517631530762,-0.07404613494873047,Improved,Improved,Worsened
sc_33_23,realesrgan,6.773369547223376,5.375594463059573,1.3977750841638024,21.00018310546875,6.56072998046875,14.439453125,0.908036470413208,0.8486559391021729,-0.059380531311035156,Improved,Improved,Worsened
sc_33_24,realesrgan,10.44233205751966,9.4824004362637,0.9599316212559597,34.45623779296875,34.52362060546875,-0.0673828125,0.8968496322631836,0.9067459106445312,0.009896278381347656,Improved,Worsened,Improved
sc_33_25,realesrgan,4.756055129464374,4.120978661526373,0.635076467938001,33.02362060546875,17.50701904296875,15.5166015625,0.8065935373306274,0.7318580150604248,-0.07473552227020264,Improved,Improved,Worsened
sc_33_26,realesrgan,10.426844627626425,5.195715905583207,5.231128722043217,22.31317138671875,27.86541748046875,-5.55224609375,0.9066964387893676,0.9047298431396484,-0.0019665956497191273,Improved,Worsened,Worsened
sc_33_27,realesrgan,10.014427324399511,7.9070138174732625,2.1074135069262487,52.66912841796875,12.62518310546875,40.0439453125,0.8900061845779419,0.8670586347579956,-0.02294754981994629,Improved,Improved,Worsened
sc_33_28,realesrgan,5.094938665722212,6.141311631566516,-1.046372965844304,29.22967529296875,5.83807373046875,23.3916015625,0.8875241875648499,0.8326699733734131,-0.05485421419143677,Worsened,Improved,Worsened
sc_33_29,realesrgan,8.639535319049042,9.832859192498464,-1.1933238734494225,30.90350341796875,19.28826904296875,11.615234375,0.8764435052871704,0.9035659432411194,0.027122437953948975,Worsened,Improved,Improved
sc_33_30,realesrgan,4.787691084624294,3.4541960615253218,1.3334950230989722,18.93084716796875,7.95037841796875,10.98046875,0.8884524703025818,0.7559404373168945,-0.13251203298568726,Improved,Improved,Worsened
sc_33_31,realesrgan,9.765247261003564,8.094672953743373,1.6705743072601908,21.50408935546875,58.52947998046875,-37.025390625,0.9175323247909546,0.8989089727401733,-0.01862335205078125,Improved,Worsened,Worsened
sc_33_32,realesrgan,9.337893803230436,5.830232898521424,3.507660904709012,52.61053466796875,14.19940185546875,38.4111328125,0.8028961420059204,0.7399224638938904,-0.06297367811203003,Improved,Improved,Worsened
sc_33_33,realesrgan,4.7711824948694765,5.237188271644498,-0.4660057767750212,14.06170654296875,29.06854248046875,-15.0068359375,0.8047149777412415,0.7057763934135437,-0.09893858432769775,Worsened,Worsened,Worsened
sc_33_34,realesrgan,12.161801198750648,13.123856130158064,-0.9620549314074154,18.71502685546875,36.06756591796875,-17.3525390625,0.9094831943511964,0.8826086521148682,-0.026874542236328236,Worsened,Worsened,Worsened
sc_33_35,realesrgan,4.832198490521072,5.374624246794132,-0.5424257562730599,10.31561279296875,22.33514404296875,-12.01953125,0.7979444265365601,0.7239446640014648,-0.07399976253509521,Worsened,Worsened,Worsened
sc_33_36,realesrgan,13.368252834780373,9.032271064795813,4.33598176998456,20.76531982421875,42.43963623046875,-21.67431640625,0.910757541656494,0.9177031517028807,0.006945610046386719,Improved,Worsened,Improved
sc_33_37,realesrgan,8.3365746058876,6.628949286596736,1.7076253192908641,48.44842529296875,13.54022216796875,34.908203125,0.8116345405578613,0.8005821704864502,-0.011052370071411133,Improved,Improved,Worsened
sc_33_38,realesrgan,6.35117823511506,5.241926134979084,1.1092521001359756,27.57635498046875,37.44256591796875,-9.8662109375,0.8073179721832275,0.7915475368499756,-0.015770435333251953,Improved,Worsened,Worsened
sc_33_39,realesrgan,11.617620659416833,12.193295274953089,-0.575674615536256,10.86834716796875,28.63104248046875,-17.7626953125,0.8873836398124695,0.8479824066162109,-0.039401233196258545,Worsened,Worsened,Worsened
sc_33_40,realesrgan,6.500131359972902,5.486019937505081,1.0141114224678205,30.43670654296875,1.35565185546875,29.0810546875,0.806577742099762,0.7667555809020996,-0.039822161197662354,Improved,Improved,Worsened
sc_h_1,realesrgan,6.20102911534391,6.511363491665256,-0.31033437632134664,34.32830810546875,24.62127685546875,9.70703125,0.6489682793617249,0.643052339553833,-0.005915939807891846,Worsened,Improved,Worsened
sc_h_10,realesrgan,5.937549167523905,3.247376123447552,2.6901730440763525,25.05487060546875,13.82928466796875,11.2255859375,0.8391227722167969,0.7956147193908691,-0.043508052825927734,Improved,Improved,Worsened
sc_h_11,realesrgan,11.87974329784055,10.851704106849985,1.0280391909905653,10.74334716796875,26.82537841796875,-16.08203125,0.9206305742263794,0.8053767085075378,-0.11525386571884155,Improved,Worsened,Worsened
sc_h_12,realesrgan,8.955110178067198,7.535060400191367,1.420049777875831,30.90350341796875,33.30389404296875,-2.400390625,0.7377485036849976,0.611035943031311,-0.12671256065368652,Improved,Worsened,Worsened
sc_h_13,realesrgan,8.050606516491701,8.364145273388543,-0.3135387568968415,18.03240966796875,21.18182373046875,-3.1494140625,0.8567488193511963,0.8787353038787842,0.02198648452758789,Worsened,Worsened,Improved
sc_h_14,realesrgan,7.539749835367923,6.145072573500283,1.3946772618676402,36.75799560546875,41.76678466796875,-5.0087890625,0.8939652442932129,0.8826099634170532,-0.011355280876159668,Improved,Worsened,Worsened
sc_h_15,realesrgan,11.073903224073105,9.003620517035365,2.070282707037739,20.88885498046875,31.43084716796875,-10.5419921875,0.9448997974395752,0.9332743287086488,-0.011625468730926403,Improved,Worsened,Worsened
sc_h_16,realesrgan,7.8213863636733185,4.133115743062509,3.688270620610809,41.50994873046875,15.33416748046875,26.17578125,0.760788083076477,0.638280987739563,-0.12250709533691406,Improved,Improved,Worsened
sc_h_17,realesrgan,8.23518669315131,11.252250734656208,-3.0170640415048986,25.58026123046875,35.69549560546875,-10.115234375,0.9332414865493774,0.916075587272644,-0.0171658992767334,Worsened,Worsened,Worsened
sc_h_18,realesrgan,7.289946900723947,8.543635143883101,-1.2536882431591545,15.14764404296875,24.51678466796875,-9.369140625,0.8962168097496033,0.8812682628631592,-0.014948546886444092,Worsened,Worsened,Worsened
sc_h_19,realesrgan,10.667163429414035,7.494244248393529,3.1729191810205064,36.71405029296875,21.92108154296875,14.79296875,0.8881787657737732,0.9182372093200684,0.030058443546295166,Improved,Improved,Improved
sc_h_20,realesrgan,5.7948107785637255,4.435904375595126,1.358906402968599,33.04608154296875,26.17010498046875,6.8759765625,0.8991102576255798,0.862855076789856,-0.03625518083572388,Improved,Improved,Worsened
sc_h_21,realesrgan,5.859101993983165,5.314541588576256,0.5445604054069086,20.07244873046875,40.02655029296875,-19.9541015625,0.9009170532226562,0.8706260919570923,-0.030290961265563965,Improved,Worsened,Worsened
sc_h_22,realesrgan,12.25020315539578,7.118137797074504,5.1320653583212765,18.98651123046875,57.75115966796875,-38.7646484375,0.8823634386062622,0.8906856179237366,0.008322179317474365,Improved,Worsened,Improved
sc_h_23,realesrgan,8.370345876538492,7.926670680182664,0.4436751963558283,38.63787841796875,23.55975341796875,15.078125,0.8471362590789795,0.8343613147735596,-0.012774944305419922,Improved,Improved,Worsened
sc_h_24,realesrgan,8.497492980541665,4.380686795044026,4.116806185497639,20.42108154296875,26.71893310546875,-6.2978515625,0.9285866618156432,0.9223435521125792,-0.006243109703063965,Improved,Worsened,Worsened
sc_h_25,realesrgan,5.151316209796645,4.869866838881969,0.28144937091467614,30.01971435546875,3.00311279296875,27.0166015625,0.788689374923706,0.8046108484268188,0.015921473503112793,Improved,Improved,Improved
sc_h_26,realesrgan,12.3421603304298,5.055696905288822,7.286463425140979,31.50408935546875,11.91326904296875,19.5908203125,0.8651701807975769,0.7666932344436646,-0.09847694635391235,Improved,Improved,Worsened
sc_h_27,realesrgan,5.898058586725497,4.484545416593464,1.413513170132033,34.39178466796875,5.82342529296875,28.568359375,0.9077916145324708,0.7722780704498291,-0.1355135440826417,Improved,Improved,Worsened
sc_h_28,realesrgan,9.7770312910976,12.353431691759218,-2.5764004006616172,30.15350341796875,9.30975341796875,20.84375,0.8764296770095825,0.8857929706573486,0.009363293647766113,Worsened,Improved,Improved
sc_h_29,realesrgan,8.713460191748226,8.437285185975618,0.27617500577260756,23.75799560546875,12.77557373046875,10.982421875,0.7685538530349731,0.7951687574386597,0.026614904403686523,Improved,Improved,Improved
sc_h_3,realesrgan,4.618073197555846,6.239690360106724,-1.6216171625508782,26.11151123046875,15.11444091796875,10.9970703125,0.3888731002807617,0.2195367068052292,-0.16933639347553253,Worsened,Improved,Worsened
sc_h_30,realesrgan,7.500958414677422,5.06326214311401,2.4376962715634116,31.80584716796875,14.64373779296875,17.162109375,0.8961562514305115,0.8914813995361328,-0.004674851894378662,Improved,Improved,Worsened
sc_h_31,realesrgan,10.073672571125403,11.538375784507425,-1.4647032133820215,38.48651123046875,31.63787841796875,6.8486328125,0.9230871200561525,0.9130278825759888,-0.010059237480163685,Worsened,Improved,Worsened
sc_h_32,realesrgan,6.216038653935047,3.400953433477003,2.8150852204580437,22.76287841796875,0.50311279296875,22.259765625,0.872559130191803,0.8377336859703064,-0.03482544422149658,Improved,Improved,Worsened
sc_h_33,realesrgan,9.096259709048187,13.169947594966786,-4.0736878859185985,33.30682373046875,31.77166748046875,1.53515625,0.9046639204025269,0.9169594049453736,0.01229548454284679,Worsened,Improved,Improved
sc_h_34,realesrgan,9.511908118071773,12.8748915591016,-3.3629834410298276,27.91815185546875,24.42303466796875,3.4951171875,0.8576444387435913,0.8426840305328369,-0.014960408210754395,Worsened,Improved,Worsened
sc_h_35,realesrgan,5.823646264310619,5.740395559608143,0.08325070470247553,15.36932373046875,40.47186279296875,-25.1025390625,0.9115043878555298,0.9025168418884276,-0.008987545967102162,Improved,Worsened,Worsened
sc_h_36,realesrgan,7.298947865078169,7.287876160713772,0.011071704364397306,13.31365966796875,7.19744873046875,6.1162109375,0.8478363752365112,0.8123664259910583,-0.03546994924545288,Improved,Improved,Worsened
sc_h_37,realesrgan,5.076161227328252,4.231387788792497,0.8447734385357553,12.06561279296875,7.29412841796875,4.771484375,0.8945819139480591,0.8691719770431519,-0.025409936904907227,Improved,Improved,Worsened
sc_h_38,realesrgan,10.303194762498627,10.269652638043802,0.03354212445482574,19.87908935546875,15.10369873046875,4.775390625,0.9026793241500854,0.8927829265594482,-0.009896397590637207,Improved,Improved,Worsened
sc_h_39,realesrgan,6.975792787470766,12.039207209895643,-5.063414422424877,12.71697998046875,16.33319091796875,-3.6162109375,0.889046311378479,0.900387704372406,0.011341392993927002,Worsened,Worsened,Improved
sc_h_40,realesrgan,5.8517853953156544,6.506663509182432,-0.6548781138667774,22.73065185546875,31.27459716796875,-8.5439453125,0.9210819005966188,0.8869376182556152,-0.03414428234100353,Worsened,Worsened,Worsened
sc_h_41,realesrgan,9.732526331873574,11.1972260389067,-1.4646997070331267,14.44549560546875,29.42694091796875,-14.9814453125,0.9286215305328368,0.928991198539734,0.0003696680068971947,Worsened,Worsened,Improved
sc_h_42,realesrgan,6.052170139995755,3.930571189526042,2.121598950469713,16.41131591796875,11.52459716796875,4.88671875,0.8271980285644531,0.8491741418838501,0.021976113319396973,Improved,Improved,Improved
sc_h_43,realesrgan,11.28356605427833,14.37603515065583,-3.092469096377501,17.65838623046875,36.47479248046875,-18.81640625,0.907581865787506,0.9008102416992188,-0.0067716240882872425,Worsened,Worsened,Worsened
sc_h_44,realesrgan,7.543635662294677,14.756275765425563,-7.212640103130886,13.38592529296875,24.02069091796875,-10.634765625,0.9126243591308594,0.896649181842804,-0.01597517728805542,Worsened,Worsened,Worsened
sc_33_1,aesrgan,5.893139362681383,4.108376444086868,1.7847629185945149,-5.04083251953125,-11.74688720703125,6.7060546875,0.7159628868103027,0.749676525592804,0.03371363878250122,Improved,Improved,Improved
sc_33_11,aesrgan,10.522218410810398,6.485734111960818,4.0364842988495795,17.36444091796875,15.00506591796875,2.359375,0.9022783041000366,0.8882585167884827,-0.014019787311553955,Improved,Improved,Worsened
sc_33_12,aesrgan,8.399760718961485,8.012454128268068,0.38730659069341655,16.01043701171875,6.76092529296875,9.24951171875,0.9031728506088256,0.9087388515472412,0.005566000938415638,Improved,Improved,Improved
sc_33_13,aesrgan,6.981310551765733,7.406662778412842,-0.42535222664710837,49.85858154296875,-1.58282470703125,51.44140625,0.7773683071136475,0.6986223459243774,-0.07874596118927002,Worsened,Improved,Worsened
sc_33_14,aesrgan,5.21952102153655,6.228484228994383,-1.0089632074578336,20.40740966796875,5.02947998046875,15.3779296875,0.8567471504211426,0.8551514148712158,-0.0015957355499267578,Worsened,Improved,Worsened
sc_33_15,aesrgan,6.684796784248552,8.516481878700034,-1.8316850944514824,14.96697998046875,-6.46466064453125,21.431640625,0.5931088924407959,0.5589275360107422,-0.03418135643005371,Worsened,Improved,Worsened
sc_33_16,aesrgan,13.408182151934277,15.19368241609113,-1.7855002641568536,7.65643310546875,20.68280029296875,-13.0263671875,0.9085381627082824,0.8764842748641968,-0.03205388784408558,Worsened,Worsened,Worsened
sc_33_17,aesrgan,12.45483359433236,11.774259913645478,0.6805736806868818,24.87420654296875,14.21307373046875,10.6611328125,0.8319579362869263,0.836525022983551,0.004567086696624756,Improved,Improved,Improved
sc_33_18,aesrgan,9.770566356098508,12.780291150276447,-3.0097247941779397,5.01873779296875,-2.06036376953125,7.0791015625,0.907670557498932,0.8795031309127808,-0.028167426586151234,Worsened,Improved,Worsened
sc_33_19,aesrgan,10.538398912412449,7.742758059914447,2.7956408524980016,8.49530029296875,-9.14923095703125,17.64453125,0.8078644275665283,0.7395495176315308,-0.06831490993499756,Improved,Improved,Worsened
sc_33_20,aesrgan,12.373572688938754,10.67327443150758,1.7002982574311751,16.01580810546875,2.07244873046875,13.943359375,0.7899163961410522,0.8437457084655762,0.053829312324523926,Improved,Improved,Improved
sc_33_21,aesrgan,8.213320586044878,7.65593664517546,0.5573839408694177,19.28533935546875,23.70526123046875,-4.419921875,0.8793891072273254,0.8428856730461121,-0.03650343418121338,Improved,Worsened,Worsened
sc_33_22,aesrgan,10.463014450436097,6.264730102790082,4.198284347646014,55.12420654296875,42.25408935546875,12.8701171875,0.7789978981018066,0.7002192139625549,-0.07877868413925171,Improved,Improved,Worsened
sc_33_23,aesrgan,6.773369547223376,5.402773809540725,1.3705957376826507,21.00018310546875,4.92791748046875,16.072265625,0.908036470413208,0.8651599884033203,-0.042876482009887695,Improved,Improved,Worsened
sc_33_24,aesrgan,10.44233205751966,9.093407833224346,1.348924224295315,34.45623779296875,25.18377685546875,9.2724609375,0.8968496322631836,0.910704493522644,0.01385486125946045,Improved,Improved,Improved
sc_33_25,aesrgan,4.756055129464374,4.85361237468689,-0.09755724522251619,33.02362060546875,18.90545654296875,14.1181640625,0.8065935373306274,0.7361936569213867,-0.07039988040924072,Worsened,Improved,Worsened
sc_33_26,aesrgan,10.426844627626425,6.912795657299812,3.5140489703266127,22.31317138671875,16.65985107421875,5.6533203125,0.9066964387893676,0.9130213856697084,0.006324946880340798,Improved,Improved,Improved
sc_33_27,aesrgan,10.014427324399511,4.88393280183791,5.130494522561602,52.66912841796875,25.56951904296875,27.099609375,0.8900061845779419,0.8507499694824219,-0.03925621509552002,Improved,Improved,Worsened
sc_33_28,aesrgan,5.094938665722212,8.227241534604621,-3.132302868882409,29.22967529296875,19.93865966796875,9.291015625,0.8875241875648499,0.83473801612854,-0.052786171436309814,Worsened,Improved,Worsened
sc_33_29,aesrgan,8.639535319049042,9.454503108380855,-0.8149677893318135,30.90350341796875,25.21893310546875,5.6845703125,0.8764435052871704,0.8991302251815796,0.02268671989440918,Worsened,Improved,Improved
sc_33_30,aesrgan,4.787691084624294,4.517994184016695,0.2696969006075989,18.93084716796875,12.27850341796875,6.65234375,0.8884524703025818,0.7720468640327454,-0.11640560626983643,Improved,Improved,Worsened
sc_33_31,aesrgan,9.765247261003564,7.118872318161485,2.646374942842079,21.50408935546875,20.00067138671875,1.50341796875,0.9175323247909546,0.9231723546981812,0.0056400299072265625,Improved,Improved,Improved
sc_33_32,aesrgan,9.337893803230436,5.504072850589995,3.8338209526404414,52.61053466796875,14.97088623046875,37.6396484375,0.8028961420059204,0.7434636354446411,-0.0594325065612793,Improved,Improved,Worsened
sc_33_33,aesrgan,4.7711824948694765,3.941943943113251,0.8292385517562257,14.06170654296875,4.63885498046875,9.4228515625,0.8047149777412415,0.7202907800674438,-0.08442419767379761,Improved,Improved,Worsened
sc_33_34,aesrgan,12.161801198750648,9.160127178031347,3.0016740207193013,18.71502685546875,28.72772216796875,-10.0126953125,0.9094831943511964,0.8921173810958862,-0.01736581325531017,Improved,Worsened,Worsened
sc_33_35,aesrgan,4.832198490521072,4.504544938273597,0.32765355224747506,10.31561279296875,24.92596435546875,-14.6103515625,0.7979444265365601,0.7372786998748779,-0.06066572666168213,Improved,Worsened,Worsened
sc_33_36,aesrgan,13.368252834780373,6.43388255559363,6.9343702791867425,20.76531982421875,18.05242919921875,2.712890625,0.910757541656494,0.9229602813720704,0.012202739715576394,Improved,Improved,Improved
sc_33_37,aesrgan,8.3365746058876,5.628406073840796,2.7081685320468045,48.44842529296875,6.23065185546875,42.2177734375,0.8116345405578613,0.7928557395935059,-0.01877880096435547,Improved,Improved,Worsened
sc_33_38,aesrgan,6.35117823511506,4.520498599293883,1.830679635821177,27.57635498046875,24.81561279296875,2.7607421875,0.8073179721832275,0.7913326621055603,-0.015985310077667236,Improved,Improved,Worsened
sc_33_39,aesrgan,11.617620659416833,9.941683103681834,1.6759375557349987,10.86834716796875,26.99627685546875,-16.1279296875,0.8873836398124695,0.862748384475708,-0.024635255336761475,Improved,Worsened,Worsened
sc_33_40,aesrgan,6.500131359972902,3.748490609051313,2.751640750921589,30.43670654296875,17.17010498046875,13.2666015625,0.806577742099762,0.7836478352546692,-0.022929906845092773,Improved,Improved,Worsened
sc_h_1,aesrgan,6.20102911534391,2.785905028597444,3.4151240867464656,34.32830810546875,-8.95587158203125,43.2841796875,0.6489682793617249,0.6336371302604675,-0.015331149101257324,Improved,Improved,Worsened
sc_h_10,aesrgan,5.937549167523905,4.096074732386461,1.8414744351374441,25.05487060546875,6.30291748046875,18.751953125,0.8391227722167969,0.7996349334716797,-0.03948783874511719,Improved,Improved,Worsened
sc_h_11,aesrgan,11.87974329784055,10.278320889267604,1.6014224085729456,10.74334716796875,21.12518310546875,-10.3818359375,0.9206305742263794,0.9010928869247437,-0.019537687301635742,Improved,Worsened,Worsened
sc_h_12,aesrgan,8.955110178067198,5.6594387042963525,3.2956714737708452,30.90350341796875,17.56268310546875,13.3408203125,0.7377485036849976,0.5756576061248779,-0.16209089756011963,Improved,Improved,Worsened
sc_h_13,aesrgan,8.050606516491701,9.41037155653382,-1.3597650400421184,18.03240966796875,28.41424560546875,-10.3818359375,0.8567488193511963,0.8868237137794495,0.030074894428253174,Worsened,Worsened,Improved
sc_h_14,aesrgan,7.539749835367923,4.432343986489435,3.1074058488784875,36.75799560546875,-5.03887939453125,41.796875,0.8939652442932129,0.8782184720039368,-0.015746772289276123,Improved,Improved,Worsened
sc_h_15,aesrgan,11.073903224073105,9.820698642284349,1.253204581788756,20.88885498046875,24.88494873046875,-3.99609375,0.9448997974395752,0.9347695112228394,-0.01013028621673584,Improved,Worsened,Worsened
sc_h_16,aesrgan,7.8213863636733185,3.172588076027049,4.64879828764627,41.50994873046875,10.84197998046875,30.66796875,0.760788083076477,0.5691500902175903,-0.19163799285888672,Improved,Improved,Worsened
sc_h_17,aesrgan,8.23518669315131,11.96459917134562,-3.7294124781943108,25.58026123046875,32.97283935546875,-7.392578125,0.9332414865493774,0.9168552756309508,-0.016386210918426625,Worsened,Worsened,Worsened
sc_h_18,aesrgan,7.289946900723947,7.797528112020132,-0.507581211296185,15.14764404296875,27.69451904296875,-12.546875,0.8962168097496033,0.9001814126968384,0.003964602947235107,Worsened,Worsened,Improved
sc_h_19,aesrgan,10.667163429414035,7.582699790362838,3.0844636390511972,36.71405029296875,15.52557373046875,21.1884765625,0.8881787657737732,0.9091851711273192,0.02100640535354603,Improved,Improved,Improved
sc_h_20,aesrgan,5.7948107785637255,3.163960258984476,2.6308505195792495,33.04608154296875,3.71600341796875,29.330078125,0.8991102576255798,0.8705440759658813,-0.028566181659698486,Improved,Improved,Worsened
sc_h_21,aesrgan,5.859101993983165,3.185043618356119,2.674058375627046,20.07244873046875,14.41912841796875,5.6533203125,0.9009170532226562,0.8563554286956787,-0.04456162452697754,Improved,Improved,Worsened
sc_h_22,aesrgan,12.25020315539578,6.5988283499844265,5.651374805411354,18.98651123046875,24.77362060546875,-5.787109375,0.8823634386062622,0.8044977188110352,-0.07786571979522705,Improved,Worsened,Worsened
sc_h_23,aesrgan,8.370345876538492,6.977876021019066,1.3924698555194261,38.63787841796875,12.32733154296875,26.310546875,0.8471362590789795,0.851250946521759,0.004114687442779541,Improved,Improved,Improved
sc_h_24,aesrgan,8.497492980541665,6.0681700927408695,2.4293228878007955,20.42108154296875,11.60467529296875,8.81640625,0.9285866618156432,0.9297666549682616,0.0011799931526184082,Improved,Improved,Improved
sc_h_25,aesrgan,5.151316209796645,4.531745090190401,0.6195711196062446,30.01971435546875,0.20037841796875,29.8193359375,0.788689374923706,0.8307313919067383,0.04204201698303223,Improved,Improved,Improved
sc_h_26,aesrgan,12.3421603304298,3.327441777818726,9.014718552611075,31.50408935546875,12.00506591796875,19.4990234375,0.8651701807975769,0.7522191405296326,-0.11295104026794434,Improved,Improved,Worsened
sc_h_27,aesrgan,5.898058586725497,3.801889429915074,2.0961691568104235,34.39178466796875,4.01678466796875,30.375,0.9077916145324708,0.848259687423706,-0.05953192710876476,Improved,Improved,Worsened
sc_h_28,aesrgan,9.7770312910976,8.0120407958376,1.764990495260001,30.15350341796875,14.59588623046875,15.5576171875,0.8764296770095825,0.890886127948761,0.014456450939178467,Improved,Improved,Improved
sc_h_29,aesrgan,8.713460191748226,8.453438222853205,0.26002196889502116,23.75799560546875,12.55975341796875,11.1982421875,0.7685538530349731,0.8075861930847168,0.03903234004974365,Improved,Improved,Improved
sc_h_3,aesrgan,4.618073197555846,4.213863852306251,0.40420934524959495,26.11151123046875,-5.15899658203125,31.2705078125,0.3888731002807617,0.2425121665000915,-0.14636093378067022,Improved,Improved,Worsened
sc_h_30,aesrgan,7.500958414677422,3.8978443876082585,3.6031140270691635,31.80584716796875,17.91717529296875,13.888671875,0.8961562514305115,0.8935569524765015,-0.0025992989540100098,Improved,Improved,Worsened
sc_h_31,aesrgan,10.073672571125403,6.076324499825539,3.9973480712998644,38.48651123046875,15.01971435546875,23.466796875,0.9230871200561525,0.892507791519165,-0.030579328536987416,Improved,Improved,Worsened
sc_h_32,aesrgan,6.216038653935047,3.825377326517284,2.390661327417763,22.76287841796875,11.63983154296875,11.123046875,0.872559130191803,0.8542501330375671,-0.01830899715423584,Improved,Improved,Worsened
sc_h_33,aesrgan,9.096259709048187,13.16550758115426,-4.069247872106073,33.30682373046875,29.65350341796875,3.6533203125,0.9046639204025269,0.9260947108268738,0.021430790424346924,Worsened,Improved,Improved
sc_h_34,aesrgan,9.511908118071773,10.530762068818678,-1.0188539507469052,27.91815185546875,28.86053466796875,-0.9423828125,0.8576444387435913,0.860576868057251,0.002932429313659668,Worsened,Worsened,Improved
sc_h_35,aesrgan,5.823646264310619,7.615097556297204,-1.7914512919865855,15.36932373046875,25.74530029296875,-10.3759765625,0.9115043878555298,0.8914802074432373,-0.02002418041229248,Worsened,Worsened,Worsened
sc_h_36,aesrgan,7.298947865078169,5.461010531127729,1.83793733395044,13.31365966796875,10.83709716796875,2.4765625,0.8478363752365112,0.8098009824752808,-0.03803539276123047,Improved,Improved,Worsened
sc_h_37,aesrgan,5.076161227328252,3.644549784342242,1.4316114429860103,12.06561279296875,2.58221435546875,9.4833984375,0.8945819139480591,0.8887330889701843,-0.005848824977874756,Improved,Improved,Worsened
sc_h_38,aesrgan,10.303194762498627,11.613163535737405,-1.3099687732387775,19.87908935546875,9.79217529296875,10.0869140625,0.9026793241500854,0.8897126913070679,-0.012966632843017578,Worsened,Improved,Worsened
sc_h_39,aesrgan,6.975792787470766,12.647369288647331,-5.671576501176565,12.71697998046875,9.74041748046875,2.9765625,0.889046311378479,0.9004014730453491,0.011355161666870117,Worsened,Improved,Improved
sc_h_40,aesrgan,5.8517853953156544,3.7058714621862463,2.145913933129408,22.73065185546875,23.56463623046875,-0.833984375,0.9210819005966188,0.9003125429153442,-0.020769357681274525,Improved,Worsened,Worsened
sc_h_41,aesrgan,9.732526331873574,10.07759635787013,-0.3450700259965558,14.44549560546875,26.92596435546875,-12.48046875,0.9286215305328368,0.9284764528274536,-0.00014507770538318976,Worsened,Worsened,Worsened
sc_h_42,aesrgan,6.052170139995755,3.688601960459496,2.3635681795362586,16.41131591796875,6.90643310546875,9.5048828125,0.8271980285644531,0.8517451882362366,0.024547159671783447,Improved,Improved,Improved
sc_h_43,aesrgan,11.28356605427833,12.975951411602283,-1.6923853573239533,17.65838623046875,34.65252685546875,-16.994140625,0.907581865787506,0.9117393493652344,0.0041574835777283825,Worsened,Worsened,Improved
sc_h_44,aesrgan,7.543635662294677,13.624004787422717,-6.08036912512804,13.38592529296875,26.60955810546875,-13.2236328125,0.9126243591308594,0.900615394115448,-0.012008965015411377,Worsened,Worsened,Worsened
sc_33_1,swin2sr,5.893139362681383,,,-5.04083251953125,,,0.7159628868103027,,,,,
sc_33_11,swin2sr,10.522218410810398,13.95614032815092,-3.4339219173405215,17.36444091796875,106.46783447265624,-89.10339355468749,0.9022783041000366,0.8057804703712463,-0.09649783372879028,Worsened,Worsened,Worsened
sc_33_12,swin2sr,8.399760718961485,12.1271163997731,-3.727355680811616,16.01043701171875,65.86199951171875,-49.8515625,0.9031728506088256,0.8684624433517456,-0.03471040725707997,Worsened,Worsened,Worsened
sc_33_13,swin2sr,6.981310551765733,9.006137310931864,-2.024826759166131,49.85858154296875,39.43670654296875,10.421875,0.7773683071136475,0.6678956151008606,-0.10947269201278687,Worsened,Improved,Worsened
sc_33_14,swin2sr,5.21952102153655,7.585460551800716,-2.365939530264166,20.40740966796875,33.32928466796875,-12.921875,0.8567471504211426,0.7767775654792786,-0.07996958494186401,Worsened,Worsened,Worsened
sc_33_15,swin2sr,6.684796784248552,12.297013090907528,-5.6122163066589765,14.96697998046875,54.49627685546875,-39.529296875,0.5931088924407959,0.5478333234786987,-0.04527556896209717,Worsened,Worsened,Worsened
sc_33_16,swin2sr,13.408182151934277,15.831452509427567,-2.4232703574932906,7.65643310546875,78.49530029296875,-70.8388671875,0.9085381627082824,0.8684682250022888,-0.04006993770599354,Worsened,Worsened,Worsened
sc_33_17,swin2sr,12.45483359433236,16.57106942160353,-4.1162358272711685,24.87420654296875,79.65643310546875,-54.7822265625,0.8319579362869263,0.7646379470825195,-0.06731998920440674,Worsened,Worsened,Worsened
sc_33_18,swin2sr,9.770566356098508,11.590333360991051,-1.8197670048925438,5.01873779296875,49.56658935546875,-44.5478515625,0.907670557498932,0.8624473214149475,-0.045223236083984486,Worsened,Worsened,Worsened
sc_33_19,swin2sr,10.538398912412449,9.852436485377256,0.685962427035193,8.49530029296875,44.69354248046875,-36.1982421875,0.8078644275665283,0.7979581356048584,-0.009906291961669922,Improved,Worsened,Worsened
sc_33_20,swin2sr,12.373572688938754,14.918292216715177,-2.5447195277764223,16.01580810546875,73.16229248046875,-57.146484375,0.7899163961410522,0.8061161041259766,0.016199707984924316,Worsened,Worsened,Improved
sc_33_21,swin2sr,8.213320586044878,11.296870813604157,-3.0835502275592788,19.28533935546875,48.84393310546875,-29.55859375,0.8793891072273254,0.8330700397491455,-0.04631906747817993,Worsened,Worsened,Worsened
sc_33_22,swin2sr,10.463014450436097,8.657743799674828,1.805270650761269,55.12420654296875,57.52557373046875,-2.4013671875,0.7789978981018066,0.7286460995674133,-0.05035179853439331,Improved,Worsened,Worsened
sc_33_23,swin2sr,6.773369547223376,14.819154826410967,-8.04578527918759,21.00018310546875,74.30780029296875,-53.3076171875,0.908036470413208,0.8714641332626343,-0.03657233715057373,Worsened,Worsened,Worsened
sc_33_24,swin2sr,10.44233205751966,15.798629278425128,-5.356297220905468,34.45623779296875,95.81365966796876,-61.357421875000014,0.8968496322631836,0.873729944229126,-0.023119688034057617,Worsened,Worsened,Worsened
sc_33_25,swin2sr,4.756055129464374,11.00872410289162,-6.252668973427245,33.02362060546875,70.98455810546875,-37.9609375,0.8065935373306274,0.7216624021530151,-0.0849311351776123,Worsened,Worsened,Worsened
sc_33_26,swin2sr,10.426844627626425,19.20999558955229,-8.783150961925864,22.31317138671875,105.31536865234376,-83.00219726562501,0.9066964387893676,0.8922539353370667,-0.014442503452300914,Worsened,Worsened,Worsened
sc_33_27,swin2sr,10.014427324399511,10.767257536008543,-0.752830211609032,52.66912841796875,53.49627685546875,-0.8271484375,0.8900061845779419,0.7474767565727234,-0.1425294280052185,Worsened,Worsened,Worsened
sc_33_28,swin2sr,5.094938665722212,11.937502891161238,-6.842564225439025,29.22967529296875,75.89471435546875,-46.6650390625,0.8875241875648499,0.8327559232711792,-0.054768264293670654,Worsened,Worsened,Worsened
sc_33_29,swin2sr,8.639535319049042,14.337456667399133,-5.697921348350091,30.90350341796875,80.08416748046875,-49.1806640625,0.8764435052871704,0.912311315536499,0.03586781024932861,Worsened,Worsened,Improved
sc_33_30,swin2sr,4.787691084624294,9.364259387018526,-4.576568302394232,18.93084716796875,66.37225341796875,-47.44140625,0.8884524703025818,0.8402360677719116,-0.048216402530670166,Worsened,Worsened,Worsened
sc_33_31,swin2sr,9.765247261003564,9.915897666769371,-0.15065040576580735,21.50408935546875,56.43817138671875,-34.93408203125,0.9175323247909546,0.8714655041694641,-0.04606682062149048,Worsened,Worsened,Worsened
sc_33_32,swin2sr,9.337893803230436,8.05599134631736,1.2819024569130768,52.61053466796875,47.74920654296875,4.861328125,0.8028961420059204,0.6353639364242554,-0.16753220558166504,Improved,Improved,Worsened
sc_33_33,swin2sr,4.7711824948694765,7.859758226605292,-3.0885757317358156,14.06170654296875,51.39373779296875,-37.33203125,0.8047149777412415,0.7564333081245422,-0.04828166961669922,Worsened,Worsened,Worsened
sc_33_34,swin2sr,12.161801198750648,13.774250934514631,-1.6124497357639829,18.71502685546875,94.01483154296876,-75.29980468750001,0.9094831943511964,0.8841387629508972,-0.025344431400299183,Worsened,Worsened,Worsened
sc_33_35,swin2sr,4.832198490521072,9.608074236608326,-4.775875746087254,10.31561279296875,59.46209716796875,-49.146484375,0.7979444265365601,0.7279393672943115,-0.07000505924224854,Worsened,Worsened,Worsened
sc_33_36,swin2sr,13.368252834780373,17.016541518829353,-3.64828868404898,20.76531982421875,106.0203857421875,-85.25506591796875,0.910757541656494,0.8793622255325317,-0.03139531612396229,Worsened,Worsened,Worsened
sc_33_37,swin2sr,8.3365746058876,10.550759401473783,-2.214184795586183,48.44842529296875,46.15643310546875,2.2919921875,0.8116345405578613,0.6924445629119873,-0.11918997764587402,Worsened,Improved,Worsened
sc_33_38,swin2sr,6.35117823511506,9.286673709321333,-2.935495474206273,27.57635498046875,55.35467529296875,-27.7783203125,0.8073179721832275,0.7565361857414246,-0.05078178644180298,Worsened,Worsened,Worsened
sc_33_39,swin2sr,11.617620659416833,12.68407338684825,-1.0664527274314164,10.86834716796875,82.63592529296875,-71.767578125,0.8873836398124695,0.8698978424072266,-0.01748579740524292,Worsened,Worsened,Worsened
sc_33_40,swin2sr,6.500131359972902,8.842602760249825,-2.3424714002769234,30.43670654296875,60.46307373046875,-30.0263671875,0.806577742099762,0.7373152375221252,-0.06926250457763672,Worsened,Worsened,Worsened
sc_h_1,swin2sr,6.20102911534391,,,34.32830810546875,,,0.6489682793617249,,,,,
sc_h_10,swin2sr,5.937549167523905,8.879515817833214,-2.9419666503093094,25.05487060546875,67.01776123046875,-41.962890625,0.8391227722167969,0.8295400142669678,-0.009582757949829102,Worsened,Worsened,Worsened
sc_h_11,swin2sr,11.87974329784055,12.604889990468976,-0.7251466926284262,10.74334716796875,96.56951904296876,-85.82617187500001,0.9206305742263794,0.902542233467102,-0.018088340759277344,Worsened,Worsened,Worsened
sc_h_12,swin2sr,8.955110178067198,10.184844569199203,-1.2297343911320056,30.90350341796875,70.69354248046875,-39.7900390625,0.7377485036849976,0.5128191709518433,-0.2249293327331543,Worsened,Worsened,Worsened
sc_h_13,swin2sr,8.050606516491701,11.98169769100896,-3.9310911745172596,18.03240966796875,86.23651123046875,-68.2041015625,0.8567488193511963,0.8585174083709717,0.0017685890197753906,Worsened,Worsened,Improved
sc_h_14,swin2sr,7.539749835367923,10.42578572430996,-2.886035888942038,36.75799560546875,72.10467529296875,-35.3466796875,0.8939652442932129,0.8564386367797852,-0.037526607513427734,Worsened,Worsened,Worsened
sc_h_15,swin2sr,11.073903224073105,10.430936735360577,0.6429664887125277,20.88885498046875,78.68572998046875,-57.796875,0.9448997974395752,0.9204808473587036,-0.024418950080871582,Improved,Worsened,Worsened
sc_h_16,swin2sr,7.8213863636733185,8.373950735237047,-0.5525643715637285,41.50994873046875,55.59295654296875,-14.0830078125,0.760788083076477,0.8280773758888245,0.06728929281234741,Worsened,Worsened,Improved
sc_h_17,swin2sr,8.23518669315131,14.826803878196928,-6.591617185045619,25.58026123046875,93.76580810546876,-68.18554687500001,0.9332414865493774,0.9284738302230836,-0.004767656326293834,Worsened,Worsened,Worsened
sc_h_18,swin2sr,7.289946900723947,9.945848154026194,-2.6559012533022477,15.14764404296875,89.88201904296875,-74.734375,0.8962168097496033,0.881793200969696,-0.014423608779907227,Worsened,Worsened,Worsened
sc_h_19,swin2sr,10.667163429414035,14.885070844948125,-4.217907415534089,36.71405029296875,80.68377685546875,-43.9697265625,0.8881787657737732,0.891109824180603,0.002931058406829834,Worsened,Worsened,Improved
sc_h_20,swin2sr,5.7948107785637255,8.425902433989632,-2.631091655425907,33.04608154296875,64.59686279296875,-31.55078125,0.8991102576255798,0.8477553725242615,-0.05135488510131836,Worsened,Worsened,Worsened
sc_h_21,swin2sr,5.859101993983165,9.41352020669636,-3.5544182127131947,20.07244873046875,68.16033935546875,-48.087890625,0.9009170532226562,0.8717544078826904,-0.02916264533996582,Worsened,Worsened,Worsened
sc_h_22,swin2sr,12.25020315539578,9.703602507306812,2.546600648088969,18.98651123046875,56.49090576171875,-37.50439453125,0.8823634386062622,0.7547770142555237,-0.12758642435073853,Improved,Worsened,Worsened
sc_h_23,swin2sr,8.370345876538492,10.246947773897489,-1.8766018973589969,38.63787841796875,56.59100341796875,-17.953125,0.8471362590789795,0.7991886138916016,-0.04794764518737793,Worsened,Worsened,Worsened
sc_h_24,swin2sr,8.497492980541665,9.554121854503563,-1.0566288739618983,20.42108154296875,72.35955810546875,-51.9384765625,0.9285866618156432,0.8983996510505676,-0.030187010765075573,Worsened,Worsened,Worsened
sc_h_25,swin2sr,5.151316209796645,8.761646970529592,-3.6103307607329462,30.01971435546875,57.21112060546875,-27.19140625,0.788689374923706,0.6726877689361572,-0.11600160598754883,Worsened,Worsened,Worsened
sc_h_26,swin2sr,12.3421603304298,9.321673565849563,3.0204867645802373,31.50408935546875,62.88397216796875,-31.3798828125,0.8651701807975769,0.7129677534103394,-0.15220242738723755,Improved,Worsened,Worsened
sc_h_27,swin2sr,5.898058586725497,10.288537579804885,-4.3904789930793875,34.39178466796875,69.16815185546875,-34.7763671875,0.9077916145324708,0.8070163726806641,-0.10077524185180675,Worsened,Worsened,Worsened
sc_h_28,swin2sr,9.7770312910976,16.85811964096971,-7.081088349872111,30.15350341796875,89.97479248046875,-59.8212890625,0.8764296770095825,0.8967694640159607,0.020339787006378174,Worsened,Worsened,Improved
sc_h_29,swin2sr,8.713460191748226,15.334723207724748,-6.621263015976522,23.75799560546875,77.65447998046875,-53.896484375,0.7685538530349731,0.7574822902679443,-0.011071562767028809,Worsened,Worsened,Worsened
sc_h_3,swin2sr,4.618073197555846,9.191271779683388,-4.573198582127542,26.11151123046875,56.58026123046875,-30.46875,0.3888731002807617,0.3680261075496673,-0.020846992731094416,Worsened,Worsened,Worsened
sc_h_30,swin2sr,7.500958414677422,10.937619474117543,-3.4366610594401212,31.80584716796875,73.29803466796875,-41.4921875,0.8961562514305115,0.8883911967277527,-0.007765054702758789,Worsened,Worsened,Worsened
sc_h_31,swin2sr,10.073672571125403,14.057924064184444,-3.984251493059041,38.48651123046875,90.84881591796876,-52.362304687500014,0.9230871200561525,0.9066541194915771,-0.016433000564575306,Worsened,Worsened,Worsened
sc_h_32,swin2sr,6.216038653935047,9.031144802515316,-2.815106148580269,22.76287841796875,55.47967529296875,-32.716796875,0.872559130191803,0.8455570936203003,-0.027002036571502686,Worsened,Worsened,Worsened
sc_h_33,swin2sr,9.096259709048187,17.618223017586676,-8.521963308538488,33.30682373046875,90.63983154296876,-57.333007812500014,0.9046639204025269,0.9008686542510986,-0.0037952661514282227,Worsened,Worsened,Worsened
sc_h_34,swin2sr,9.511908118071773,19.302249810893407,-9.790341692821634,27.91815185546875,89.00897216796875,-61.0908203125,0.8576444387435913,0.8055402636528015,-0.052104175090789795,Worsened,Worsened,Worsened
sc_h_35,swin2sr,5.823646264310619,9.645616704966228,-3.821970440655609,15.36932373046875,68.14959716796875,-52.7802734375,0.9115043878555298,0.8785679340362549,-0.0329364538192749,Worsened,Worsened,Worsened
sc_h_36,swin2sr,7.298947865078169,8.971806355234852,-1.672858490156683,13.31365966796875,49.01385498046875,-35.7001953125,0.8478363752365112,0.7644405364990234,-0.08339583873748779,Worsened,Worsened,Worsened
sc_h_37,swin2sr,5.076161227328252,8.396581554055363,-3.3204203267271106,12.06561279296875,59.42889404296875,-47.36328125,0.8945819139480591,0.8472388982772827,-0.04734301567077637,Worsened,Worsened,Worsened
sc_h_38,swin2sr,10.303194762498627,16.725950424097075,-6.422755661598448,19.87908935546875,87.22967529296875,-67.3505859375,0.9026793241500854,0.8807814121246338,-0.02189791202545166,Worsened,Worsened,Worsened
sc_h_39,swin2sr,6.975792787470766,17.89866151177856,-10.922868724307794,12.71697998046875,76.40740966796875,-63.6904296875,0.889046311378479,0.8551414012908936,-0.03390491008758545,Worsened,Worsened,Worsened
sc_h_40,swin2sr,5.8517853953156544,9.43879345594966,-3.5870080606340062,22.73065185546875,66.71942138671875,-43.98876953125,0.9210819005966188,0.8739867210388184,-0.047095179557800404,Worsened,Worsened,Worsened
sc_h_41,swin2sr,9.732526331873574,8.809803563580763,0.922722768292811,14.44549560546875,76.14959716796875,-61.7041015625,0.9286215305328368,0.8929280042648315,-0.03569352626800526,Improved,Worsened,Worsened
sc_h_42,swin2sr,6.052170139995755,9.483737560273196,-3.4315674202774415,16.41131591796875,49.62811279296875,-33.216796875,0.8271980285644531,0.8168567419052124,-0.010341286659240723,Worsened,Worsened,Worsened
sc_h_43,swin2sr,11.28356605427833,16.715044801785215,-5.431478747506885,17.65838623046875,95.09002685546876,-77.43164062500001,0.907581865787506,0.8735182285308838,-0.0340636372566222,Worsened,Worsened,Worsened
sc_h_44,swin2sr,7.543635662294677,17.732387865573862,-10.188752203279186,13.38592529296875,91.79803466796876,-78.41210937500001,0.9126243591308594,0.8663455247879028,-0.04627883434295654,Worsened,Worsened,Worsened
