stem,method,remove_score
sc_33_1,lama_dilated,0.7159628868103027
sc_33_1,realesrgan,0.7211323976516724
sc_33_1,aesrgan,0.749676525592804
sc_33_11,lama_dilated,0.9022783041000366
sc_33_11,swin2sr,0.8057804703712463
sc_33_11,realesrgan,0.857668399810791
sc_33_11,aesrgan,0.8882585167884827
sc_33_12,lama_dilated,0.9031728506088257
sc_33_12,swin2sr,0.8684624433517456
sc_33_12,realesrgan,0.9039086103439331
sc_33_12,aesrgan,0.9087388515472412
sc_33_13,lama_dilated,0.7773683071136475
sc_33_13,swin2sr,0.6678956151008606
sc_33_13,realesrgan,0.7019359469413757
sc_33_13,aesrgan,0.6986223459243774
sc_33_14,lama_dilated,0.8567471504211426
sc_33_14,swin2sr,0.7767775654792786
sc_33_14,realesrgan,0.849947452545166
sc_33_14,aesrgan,0.8551514148712158
sc_33_15,lama_dilated,0.5931088924407959
sc_33_15,swin2sr,0.5478333234786987
sc_33_15,realesrgan,0.5519232749938965
sc_33_15,aesrgan,0.5589275360107422
sc_33_16,lama_dilated,0.9085381627082825
sc_33_16,swin2sr,0.8684682250022888
sc_33_16,realesrgan,0.8773219585418701
sc_33_16,aesrgan,0.8764842748641968
sc_33_17,lama_dilated,0.8319579362869263
sc_33_17,swin2sr,0.7646379470825195
sc_33_17,realesrgan,0.8209171295166016
sc_33_17,aesrgan,0.836525022983551
sc_33_18,lama_dilated,0.9076705574989319
sc_33_18,swin2sr,0.8624473214149475
sc_33_18,realesrgan,0.8678491115570068
sc_33_18,aesrgan,0.8795031309127808
sc_33_19,lama_dilated,0.8078644275665283
sc_33_19,swin2sr,0.7979581356048584
sc_33_19,realesrgan,0.7640994787216187
sc_33_19,aesrgan,0.7395495176315308
sc_33_20,lama_dilated,0.7899163961410522
sc_33_20,swin2sr,0.8061161041259766
sc_33_20,realesrgan,0.8216643333435059
sc_33_20,aesrgan,0.8437457084655762
sc_33_21,lama_dilated,0.8793891072273254
sc_33_21,swin2sr,0.8330700397491455
sc_33_21,realesrgan,0.8874816298484802
sc_33_21,aesrgan,0.8428856730461121
sc_33_22,lama_dilated,0.7789978981018066
sc_33_22,swin2sr,0.7286460995674133
sc_33_22,realesrgan,0.7049517631530762
sc_33_22,aesrgan,0.7002192139625549
sc_33_23,lama_dilated,0.908036470413208
sc_33_23,swin2sr,0.8714641332626343
sc_33_23,realesrgan,0.8486559391021729
sc_33_23,aesrgan,0.8651599884033203
sc_33_24,lama_dilated,0.8968496322631836
sc_33_24,swin2sr,0.873729944229126
sc_33_24,realesrgan,0.9067459106445312
sc_33_24,aesrgan,0.910704493522644
sc_33_25,lama_dilated,0.8065935373306274
sc_33_25,swin2sr,0.7216624021530151
sc_33_25,realesrgan,0.7318580150604248
sc_33_25,aesrgan,0.7361936569213867
sc_33_26,lama_dilated,0.9066964387893677
sc_33_26,swin2sr,0.8922539353370667
sc_33_26,realesrgan,0.9047298431396484
sc_33_26,aesrgan,0.9130213856697083
sc_33_27,lama_dilated,0.8900061845779419
sc_33_27,swin2sr,0.7474767565727234
sc_33_27,realesrgan,0.8670586347579956
sc_33_27,aesrgan,0.8507499694824219
sc_33_28,lama_dilated,0.8875241875648499
sc_33_28,swin2sr,0.8327559232711792
sc_33_28,realesrgan,0.8326699733734131
sc_33_28,aesrgan,0.83473801612854
sc_33_29,lama_dilated,0.8764435052871704
sc_33_29,swin2sr,0.912311315536499
sc_33_29,realesrgan,0.9035659432411194
sc_33_29,aesrgan,0.8991302251815796
sc_33_30,lama_dilated,0.8884524703025818
sc_33_30,swin2sr,0.8402360677719116
sc_33_30,realesrgan,0.7559404373168945
sc_33_30,aesrgan,0.7720468640327454
sc_33_31,lama_dilated,0.9175323247909546
sc_33_31,swin2sr,0.8714655041694641
sc_33_31,realesrgan,0.8989089727401733
sc_33_31,aesrgan,0.9231723546981812
sc_33_32,lama_dilated,0.8028961420059204
sc_33_32,swin2sr,0.6353639364242554
sc_33_32,realesrgan,0.7399224638938904
sc_33_32,aesrgan,0.7434636354446411
sc_33_33,lama_dilated,0.8047149777412415
sc_33_33,swin2sr,0.7564333081245422
sc_33_33,realesrgan,0.7057763934135437
sc_33_33,aesrgan,0.7202907800674438
sc_33_34,lama_dilated,0.9094831943511963
sc_33_34,swin2sr,0.8841387629508972
sc_33_34,realesrgan,0.8826086521148682
sc_33_34,aesrgan,0.8921173810958862
sc_33_35,lama_dilated,0.7979444265365601
sc_33_35,swin2sr,0.7279393672943115
sc_33_35,realesrgan,0.7239446640014648
sc_33_35,aesrgan,0.7372786998748779
sc_33_36,lama_dilated,0.9107575416564941
sc_33_36,swin2sr,0.8793622255325317
sc_33_36,realesrgan,0.9177031517028809
sc_33_36,aesrgan,0.9229602813720703
sc_33_37,lama_dilated,0.8116345405578613
sc_33_37,swin2sr,0.6924445629119873
sc_33_37,realesrgan,0.8005821704864502
sc_33_37,aesrgan,0.7928557395935059
sc_33_38,lama_dilated,0.8073179721832275
sc_33_38,swin2sr,0.7565361857414246
sc_33_38,realesrgan,0.7915475368499756
sc_33_38,aesrgan,0.7913326621055603
sc_33_39,lama_dilated,0.8873836398124695
sc_33_39,swin2sr,0.8698978424072266
sc_33_39,realesrgan,0.8479824066162109
sc_33_39,aesrgan,0.862748384475708
sc_33_40,lama_dilated,0.806577742099762
sc_33_40,swin2sr,0.7373152375221252
sc_33_40,realesrgan,0.7667555809020996
sc_33_40,aesrgan,0.7836478352546692
sc_h_1,lama_dilated,0.6489682793617249
sc_h_1,realesrgan,0.643052339553833
sc_h_1,aesrgan,0.6336371302604675
sc_h_10,lama_dilated,0.8391227722167969
sc_h_10,swin2sr,0.8295400142669678
sc_h_10,realesrgan,0.7956147193908691
sc_h_10,aesrgan,0.7996349334716797
sc_h_11,lama_dilated,0.9206305742263794
sc_h_11,swin2sr,0.902542233467102
sc_h_11,realesrgan,0.8053767085075378
sc_h_11,aesrgan,0.9010928869247437
sc_h_12,lama_dilated,0.7377485036849976
sc_h_12,swin2sr,0.5128191709518433
sc_h_12,realesrgan,0.611035943031311
sc_h_12,aesrgan,0.5756576061248779
sc_h_13,lama_dilated,0.8567488193511963
sc_h_13,swin2sr,0.8585174083709717
sc_h_13,realesrgan,0.8787353038787842
sc_h_13,aesrgan,0.8868237137794495
sc_h_14,lama_dilated,0.8939652442932129
sc_h_14,swin2sr,0.8564386367797852
sc_h_14,realesrgan,0.8826099634170532
sc_h_14,aesrgan,0.8782184720039368
sc_h_15,lama_dilated,0.9448997974395752
sc_h_15,swin2sr,0.9204808473587036
sc_h_15,realesrgan,0.9332743287086487
sc_h_15,aesrgan,0.9347695112228394
sc_h_16,lama_dilated,0.760788083076477
sc_h_16,swin2sr,0.8280773758888245
sc_h_16,realesrgan,0.638280987739563
sc_h_16,aesrgan,0.5691500902175903
sc_h_17,lama_dilated,0.9332414865493774
sc_h_17,swin2sr,0.9284738302230835
sc_h_17,realesrgan,0.916075587272644
sc_h_17,aesrgan,0.9168552756309509
sc_h_18,lama_dilated,0.8962168097496033
sc_h_18,swin2sr,0.881793200969696
sc_h_18,realesrgan,0.8812682628631592
sc_h_18,aesrgan,0.9001814126968384
sc_h_19,lama_dilated,0.8881787657737732
sc_h_19,swin2sr,0.891109824180603
sc_h_19,realesrgan,0.9182372093200684
sc_h_19,aesrgan,0.9091851711273193
sc_h_20,lama_dilated,0.8991102576255798
sc_h_20,swin2sr,0.8477553725242615
sc_h_20,realesrgan,0.862855076789856
sc_h_20,aesrgan,0.8705440759658813
sc_h_21,lama_dilated,0.9009170532226562
sc_h_21,swin2sr,0.8717544078826904
sc_h_21,realesrgan,0.8706260919570923
sc_h_21,aesrgan,0.8563554286956787
sc_h_22,lama_dilated,0.8823634386062622
sc_h_22,swin2sr,0.7547770142555237
sc_h_22,realesrgan,0.8906856179237366
sc_h_22,aesrgan,0.8044977188110352
sc_h_23,lama_dilated,0.8471362590789795
sc_h_23,swin2sr,0.7991886138916016
sc_h_23,realesrgan,0.8343613147735596
sc_h_23,aesrgan,0.851250946521759
sc_h_24,lama_dilated,0.9285866618156433
sc_h_24,swin2sr,0.8983996510505676
sc_h_24,realesrgan,0.9223435521125793
sc_h_24,aesrgan,0.9297666549682617
sc_h_25,lama_dilated,0.788689374923706
sc_h_25,swin2sr,0.6726877689361572
sc_h_25,realesrgan,0.8046108484268188
sc_h_25,aesrgan,0.8307313919067383
sc_h_26,lama_dilated,0.8651701807975769
sc_h_26,swin2sr,0.7129677534103394
sc_h_26,realesrgan,0.7666932344436646
sc_h_26,aesrgan,0.7522191405296326
sc_h_27,lama_dilated,0.9077916145324707
sc_h_27,swin2sr,0.8070163726806641
sc_h_27,realesrgan,0.7722780704498291
sc_h_27,aesrgan,0.848259687423706
sc_h_28,lama_dilated,0.8764296770095825
sc_h_28,swin2sr,0.8967694640159607
sc_h_28,realesrgan,0.8857929706573486
sc_h_28,aesrgan,0.890886127948761
sc_h_29,lama_dilated,0.7685538530349731
sc_h_29,swin2sr,0.7574822902679443
sc_h_29,realesrgan,0.7951687574386597
sc_h_29,aesrgan,0.8075861930847168
sc_h_3,lama_dilated,0.3888731002807617
sc_h_3,swin2sr,0.36802610754966736
sc_h_3,realesrgan,0.2195367068052292
sc_h_3,aesrgan,0.24251216650009155
sc_h_30,lama_dilated,0.8961562514305115
sc_h_30,swin2sr,0.8883911967277527
sc_h_30,realesrgan,0.8914813995361328
sc_h_30,aesrgan,0.8935569524765015
sc_h_31,lama_dilated,0.9230871200561523
sc_h_31,swin2sr,0.9066541194915771
sc_h_31,realesrgan,0.9130278825759888
sc_h_31,aesrgan,0.892507791519165
sc_h_32,lama_dilated,0.872559130191803
sc_h_32,swin2sr,0.8455570936203003
sc_h_32,realesrgan,0.8377336859703064
sc_h_32,aesrgan,0.8542501330375671
sc_h_33,lama_dilated,0.9046639204025269
sc_h_33,swin2sr,0.9008686542510986
sc_h_33,realesrgan,0.9169594049453735
sc_h_33,aesrgan,0.9260947108268738
sc_h_34,lama_dilated,0.8576444387435913
sc_h_34,swin2sr,0.8055402636528015
sc_h_34,realesrgan,0.8426840305328369
sc_h_34,aesrgan,0.860576868057251
sc_h_35,lama_dilated,0.9115043878555298
sc_h_35,swin2sr,0.8785679340362549
sc_h_35,realesrgan,0.9025168418884277
sc_h_35,aesrgan,0.8914802074432373
sc_h_36,lama_dilated,0.8478363752365112
sc_h_36,swin2sr,0.7644405364990234
sc_h_36,realesrgan,0.8123664259910583
sc_h_36,aesrgan,0.8098009824752808
sc_h_37,lama_dilated,0.8945819139480591
sc_h_37,swin2sr,0.8472388982772827
sc_h_37,realesrgan,0.8691719770431519
sc_h_37,aesrgan,0.8887330889701843
sc_h_38,lama_dilated,0.9026793241500854
sc_h_38,swin2sr,0.8807814121246338
sc_h_38,realesrgan,0.8927829265594482
sc_h_38,aesrgan,0.8897126913070679
sc_h_39,lama_dilated,0.889046311378479
sc_h_39,swin2sr,0.8551414012908936
sc_h_39,realesrgan,0.900387704372406
sc_h_39,aesrgan,0.9004014730453491
sc_h_40,lama_dilated,0.9210819005966187
sc_h_40,swin2sr,0.8739867210388184
sc_h_40,realesrgan,0.8869376182556152
sc_h_40,aesrgan,0.9003125429153442
sc_h_41,lama_dilated,0.9286215305328369
sc_h_41,swin2sr,0.8929280042648315
sc_h_41,realesrgan,0.9289911985397339
sc_h_41,aesrgan,0.9284764528274536
sc_h_42,lama_dilated,0.8271980285644531
sc_h_42,swin2sr,0.8168567419052124
sc_h_42,realesrgan,0.8491741418838501
sc_h_42,aesrgan,0.8517451882362366
sc_h_43,lama_dilated,0.9075818657875061
sc_h_43,swin2sr,0.8735182285308838
sc_h_43,realesrgan,0.9008102416992188
sc_h_43,aesrgan,0.9117393493652344
sc_h_44,lama_dilated,0.9126243591308594
sc_h_44,swin2sr,0.8663455247879028
sc_h_44,realesrgan,0.896649181842804
sc_h_44,aesrgan,0.900615394115448
